"user_id","user_pw","user_name","user_age","user_tel","user_tag","user_addr","level"
"1234",test1234!,진희,25,"1012341234","",서울시 용산구,1
aaaaaa1234,aaaaaa1234!,김둘리,20,"01011112222",,경기도 오산시 120-2,1
ad123,test1234!9,jinhui99,12,"1012341234","",서울시 용산구,1
addr,addr,addr,22,"1012341234","",서울시 용산구,2
admin,qwer,admin,50,"2112320",asdf,adsfsad,2
aed111,test12341,user1,22,"1012341234","",서울시 동작구 12-2,
aucomgoogleFintone,LrHSJGyLzGu,rtavnerlu,89,"4735388468","","057 Melody Junction",1
aucomgooglePannier,lTdn5RGtGH,ddisbreyfy,62,"6168714594","","6 Sage Trail",1
aucomgoogleStim,"4TwTAQQ2XMhG",pwoodings5p,62,"6764845025","","76896 Dakota Pass",1
aucomsmhFlexidy,hJmLl7,smunbyqj,34,"8038746857","","86 Butterfield Place",1
augovnswBamity,iD204bYf,preader4k,80,"4068834627","","843 Del Sol Terrace",1
augovnswZamit,DoBTavLESGKq,fdinseypd,16,"8552204789","","95 Stone Corner Alley",1
augovoaicBigtax,"7gdGlsw",aralton2l,74,"8771383260","","75 Londonderry Crossing",1
augovoaicRonstring,JdN0Dciuk,mciottoe5,40,"4002982851","","9582 Lunder Crossing",1
augovoaicSolarbreeze,"0Hxbs7dSWS43",yviciosol4,84,"2875303939","","786 John Wall Point",1
augovprivacyJob,weTCFHHvm,tmilsap8q,81,"5624444682","","5 Lakewood Point",1
augovprivacyKanlam,"3xujQnhdt",wmeltetalmc,47,"1114644720","","40 Duke Pass",1
augovprivacyRegrant,USxxGo,clathanlf,32,"6505740633","","1532 Hintze Alley",1
augovprivacyWrapsafe,MrHSNVUVazI,pdumpletonob,82,"1116842334","","52 Armistice Road",1
augovprivacyZamit,qxRGEbLIVKr,pgianneschi3s,38,"5841197048","","10 Oneill Parkway",1
aunetabcHome Ing,rOCTPcs6Z,fcockerton1k,49,"6153781985","","577 Rockefeller Crossing",1
aunetabcIt,K9jMcGs,mbeniankj,43,"7796526761","","3012 Sloan Parkway",1
beyoutuRank,maG3DQTeHLOC,lfreund51,59,"5687322580","","50538 Susan Trail",1
brcomgoogleTreeflex,DKWXrsusJwL,citshakh0,60,"2971714564","","555 Sugar Point",1
brcomgoogleVagram,l2H7nIQRXt,bspurrbi,95,"7606178783","","4783 Dovetail Alley",1
brcomuolAndalax,z02nG2,schrestien8h,48,"4372302025","","66 Scott Road",1
brcomuolBamity,VDTbG1I2,cvaskinan,89,"1648551086","","934 Village Green Lane",1
brcomuolHatity,cv3NY2Uoy,clabbezqm,40,"7715950214","","6 Delaware Lane",1
brcomuolKeylex,oByQJGp6,chessle4b,86,"3548135104","","83 Brentwood Street",1
brcomuolOpela,PZtNlV9xzocH,vcostenad,46,"6651457267","","0420 Crownhardt Place",1
cacbcDuobam,gKAbo7VizpoC,arabbas,17,"5741691104","","87904 Marcy Circle",1
cacbcFixflex,FqNakm,iwratten4y,14,"4177714381","","30 Monterey Terrace",1
cacbcSonair,LM7UElp,mdwire2o,54,"7312908381","","2222 Mifflin Terrace",1
chadminLatlux,QNOamUGG3,bblinmana5,64,"8999464094","","02 Ronald Regan Hill",1
cn360Domainer,s3oDmihfQa6U,ealexsandrovod,71,"5383449717","","92 Hansons Way",1
cncomchinaRank,A5lSaT4ncsW,bjorgerm7,88,"2148086952","","75 Lakewood Hill",1
cncomchinaToughjoyfax,mgtIAN3GP,gmichiellx,13,"1736249759","","6341 Meadow Ridge Junction",1
cncomchinaTreeflex,iBZiTbF,cgosnoldmk,97,"6238619868","","34309 Meadow Valley Terrace",1
cncompeopleOtcom,n0tEwCgGT8kQ,lstaggee7,84,"9494740867","","611 Lake View Court",1
cncomsinaZoolab,NOjHlGNM,broganpx,92,"3166730441","","512 Bowman Court",1
cngoogleBitwolf,"7dpQ2N",sdranfield42,60,"5391752365","","17 Manitowish Crossing",1
cngoogleHatity,rXDlJDhXmNA,pipsleydj,88,"5005402144","","208 Melvin Drive",1
cngoogleKonklux,lgHWsfTU5,tlambief1,90,"4428024434","","71147 Hansons Hill",1
cngoogleLotlux,"8oH7LM1loR7Z",svowell88,91,"5949492678","","4675 Mayfield Lane",1
cngovmiibeianRank,tVkIhMifSX,abatrim4j,20,"9892712452","","40690 Granby Drive",1
cngovmiibeianStringtough,M4xMquG,smcettigenhq,82,"7674236387","","94 Buhler Plaza",1
cogAerified,daLxQJ,amitchelhilll6,80,"6953450611","","467 Stuart Parkway",1
cogDuobam,YBmiAOYC7J3,lweetchgw,55,"5654150809","","33 Sullivan Circle",1
cogKonklab,f57Cjw01,jcromleylv,37,"7277955377","","1 Gina Terrace",1
com163SubEx,E15cTUALOMUK,cschubberthz,68,"6723841432","","47 Larry Place",1
com1688Andalax,aCT4V8tOf,bkincadeds,50,"5695090108","","27 Northland Parkway",1
com1688Keylex,CDgG2VI,ekieransen,52,"3293593771","","466 Bartillon Lane",1
com1688Opela,t9aP5V15pzE,mwindramoi,52,"6991369092","","90634 Donald Drive",1
com4sharedAndalax,ijO5m2njHNlf,lmaskewe8,97,"1847391056","","177 Lunder Pass",1
com4sharedKanlam,a6HJPaIvqGMU,hknibleymu,9,"5009642989","","11308 Sutherland Pass",1
com4sharedPannier,KLgjjtA,macremanfr,73,"5572022676","","15978 Westport Circle",1
com4sharedYfind,GhSFZvjW9fC,afearnsideh,40,"7519567734","","581 Kropf Park",1
com4sharedZamit,"1sMUtx83",slynthal6d,68,"4548709274","","2 Bonner Junction",1
comaboutHoldlamis,OgxGmE5S,pduffynn0,31,"6371884400","","463 Glacier Hill Court",1
comaboutNamfix,Wre24KON,abriscam8f,64,"5485151860","","034 Dahle Plaza",1
comaboutTreeflex,k9cEyO,cbastonepi,44,"1497389604","","736 Talmadge Trail",1
comaccuweatherAlpha,VBBAZL,ohamlen5j,80,"9123957887","","2291 Evergreen Point",1
comaccuweatherRank,ROm3A2X,mlippingwellp3,91,"3972116565","","605 Mallory Trail",1
comacquirethisnameFix San,"5dDoAqMl0Xcp",eredingtonpn,36,"1131517486","","5 Petterle Circle",1
comacquirethisnameKonklab,"6uZrDom",cwallicen8,71,"7041390051","","6363 Forest Dale Lane",1
comacquirethisnameRegrant,zpKyncZ,sextillk,32,"1924263128","","852 Cordelia Avenue",1
comaddtoanyVoyatouch,OTFQoVDoYXd4,paucourte4m,47,"7386543013","","856 Hoard Court",1
comadobeGreenlam,hvrQp1,bmacalpyne7y,84,"4761020600","","35 Rutledge Terrace",1
comadobeOverhold,ySnBPpw,ohaisellj2,26,"4058972792","","9 Derek Alley",1
comadobeVagram,TQU75zjbQ,temblingjf,50,"1176515605","","9475 Westerfield Park",1
comalexaFix San,Dhwx5Qsn,mbayfordk5,70,"3793604505","","4416 Manitowish Center",1
comalexaVoltsillam,"6xRJtPu2LP",dbenion7l,42,"1873839347","","39 Troy Street",1
comalibabaAerified,FOBvdU,lbeaverslq,77,"5617953965","","7 Nancy Junction",1
comalibabaStringtough,ytGQcRv3ht,sdimitrov2m,56,"9845049234","","35 Dixon Park",1
comalibabaVoyatouch,"5htdzsz8roV",hmccreedyjm,44,"9214799298","","6 Division Park",1
comamazonawsFix San,"6nlAQAT0vA9a",kbreesee6,20,"7383511832","","58364 Eastwood Pass",1
comamazonawsSonair,g24DJUeE,smenhciol,25,"7806241034","","6 Grim Parkway",1
comamazonawsTresom,JB8RXZ49E,gmourgue3,92,"3985185015","","342 Tennessee Center",1
comamazonawsWrapsafe,qsHxLprl3wn,awartonby6q,50,"1498620528","","8988 Orin Hill",1
comamazonCookley,thvi21Am8WZ,dburnelp0,99,"4223062896","","9009 Lyons Parkway",1
comamazonMatsoft,wB01CPZNm,dcathro9i,89,"5113812771","","03 Grayhawk Center",1
comamazonNamfix,FVxd3rVTLEHu,hlowersonji,69,"6118261896","","1603 Brickson Park Alley",1
comamazonTempsoft,rgSvtD,amowsdaleqi,27,"2448363291","","7 Morrow Avenue",1
comamazonYSolowarm,"4kOvgTTc4",rjackwayskq,13,"9489364918","","97 Acker Lane",1
comangelfireKeylex,irHBpWgjrx,kraittiek4,91,"7427031318","","7267 Ryan Junction",1
comangelfireRedhold,P4pRcuvUqw,ganthona6m,51,"9532423946","","69696 Superior Road",1
comangelfireTemp,C4O9EKfQ,ddomone9g,93,"5238375632","","1520 David Road",1
comangelfireZamit,Ap08Yv1zaS,bgotthardep,34,"7649699271","","0266 Arapahoe Hill",1
comaolGreenlam,u3m11t,kover8g,83,"1799474537","","2321 Delaware Plaza",1
comaolRedhold,CHHUF2J4,dloomis5d,44,"6581038125","","60 Lien Lane",1
comappleDomainer,"9hpWHqIYRWrK",sfrankel1l,93,"4939777754","","590 Bunker Hill Avenue",1
comappleViva,k67YtVUtfDP,mdicarliiv,54,"4499193472","","5933 Anthes Drive",1
comarstechnicaLatlux,SGCWsQ,cfurmongerfz,79,"3947240145","","1835 Chive Trail",1
comarstechnicaMatsoft,mxxPA6uxP5c,gharkusr8,45,"7298870458","","5 Petterle Terrace",1
comarstechnicaRedhold,RWrRYZfH,mcrakeae,81,"4702619078","","74678 Sunbrook Lane",1
comarstechnicaSubEx,NAx5hcrny,vdeferraris53,63,"5055267379","","1572 Mariners Cove Way",1
comartisteerSubEx,qWSbntMlAr,ajellemanhi,11,"5337852016","","1 Vahlen Road",1
combaiduKonklab,oZXfJw9,bduley5a,38,"6335846057","","856 Graceland Alley",1
combaiduNamfix,a4wvaHIkzYs,gwoffendenpz,27,"8853105438","","48 Vernon Lane",1
combaiduSonsing,"9DcbgiUUV",lpillans67,51,"1952244186","","1 Stephen Court",1
combaiduVoltsillam,ZTH3FJuF,oculloteyo5,8,"4166460210","","218 Village Way",1
combaiduZaamDox,"64Udn3tde4vf",mgroutpj,13,"2343850310","","1324 Montana Pass",1
combandcampBitwolf,ATmSrdgtuzBd,kchallinpm,71,"4152773224","","51241 John Wall Center",1
combandcampCardify,zeurRtkgc,cobrayg3,20,"4001936759","","25799 Kropf Street",1
combandcampMatsoft,bO2XsEeB76,tcraytonrr,42,"1009182533","","52520 Fremont Circle",1
combarnesandnobleLotlux,NvS4B834s,rconradsenjb,45,"9475152945","","93019 Park Meadow Center",1
combarnesandnobleSolarbreeze,"9fa9fNk",aalbutt99,43,"8668539128","","487 Chinook Junction",1
combarnesandnobleTreeflex,B5DsE8S,aortes5n,27,"6638046951","","3 Blaine Court",1
combarnesandnobleTresom,"9bPwFitIzrQ",svassayjz,83,"3442571111","","00622 Northview Circle",1
combingFlexidy,IdvCfVeNLUVL,flarrad6w,46,"4843771529","","655 Scott Plaza",1
combizjournalsFlexidy,uMH6Nb7vBGxM,gtreadawayda,82,"4579466889","","91466 Kedzie Trail",1
combizjournalsJob,Ser8Jo,badamovitchdp,74,"2353456456","","52 Aberg Plaza",1
combizjournalsKeylex,qEJYHYfY,mjosephsenm3,88,"1576458697","","51790 Kensington Street",1
comblinklistKanlam,BfG6Fu2BqDug,hfarmeryou,31,"3053547225","","29935 Becker Alley",1
comblinklistVoyatouch,ftJFuoau7KUs,hjadczakqk,9,"8062933549","","25339 Homewood Terrace",1
comblogDomainer,aTxmmtgJ3l,tfrogleyix,45,"9497028626","","7471 Pankratz Trail",1
comblogFix San,BqsWCW,cliddalla1,83,"5572242981","","7 Crest Line Lane",1
combloggerBitchip,"53M8iMFU",dstrongqg,90,"8822705813","","8 Schmedeman Drive",1
combloggerLatlux,"65cvylJb",asturgebn,32,"7188188443","","21120 Iowa Avenue",1
combloggerRank,"9lQL0KZX",bniemetzez,22,"6848244706","","08596 Pearson Point",1
combloggerRonstring,tILECH9uiOKA,mderislydn,32,"6049187743","","14 Birchwood Place",1
combloggerTin,mNCt9Iz5,twandrachg2,56,"2807535050","","65811 Lakeland Way",1
combloggerYfind,EWVzSQTO,skaspar8i,98,"6984306419","","93 Washington Alley",1
combloggerYSolowarm,OApq7E,agrimoldbyax,35,"4295841571","","08708 Hallows Park",1
combloglinesKonklux,u6FSnSJZ1,atuffq8,79,"3328169652","","91444 Scott Street",1
combloglinesSolarbreeze,I60LN0,epapisia,10,"3682577267","","86611 Moland Drive",1
combloglinesStim,mQrIlcW,tmacgarveyr6,27,"2491638968","","29 Killdeer Crossing",1
combloglovinBytecard,OIrIsxV,jmeasen3m,70,"2741010562","","6224 Old Shore Hill",1
combloglovinKanlam,eYvXtfKZ1,fbagottdf,69,"8622224490","","2 Garrison Street",1
combloglovinRonstring,CV7wlxs6,tdorreo,81,"7581344771","","53 Eliot Drive",1
comblogsBitchip,GXMEiqSCd9,ssimondson4s,33,"7248198019","","066 Farwell Crossing",1
comblogsKeylex,QOMBd9m,hglassonew,47,"1282493658","","73718 Heffernan Crossing",1
comblogsMatsoft,"5HVLVPQkoo",lvautierbr,11,"3981033539","","99221 Rigney Drive",1
comblogspotAndalax,pIXwuCIgk,gtilzeygg,12,"9354754794","","3 Muir Center",1
comblogspotTresom,DXhF2ApD1,gdymickg6,25,"5854594658","","31 Heath Crossing",1
comblogspotZoolab,K86pRfAt4x,awhittet6f,20,"5208568055","","803 Spohn Court",1
comblogsStim,HrDp9bECFV,fknowlysiq,44,"3981752153","","219 Morningstar Park",1
comblogsTampflex,tpjtvmu,smushart63,79,"1854855284","","21040 New Castle Road",1
comblogsTrippledex,AvJwu95cy5gU,dhawkesly,29,"4393165946","","95246 Merchant Trail",1
comblogtalkradioVoltsillam,lMQp9dod7,ehumeat,38,"1339256546","","6 Lillian Terrace",1
combloombergZamit,"2upoZGw",ldiblingdm,56,"5841759636","","3 Cottonwood Parkway",1
combluehostOpela,Pz1qzJGD,lburbudgef5,44,"1133930879","","767 Mcguire Drive",1
combookingAlphazap,MiaIAdj5qm,mlinnockbt,93,"7156107003","","37350 Di Loreto Circle",1
combookingBamity,NcTex0c5c,emarchington30,65,"3859225125","","8 Mallory Drive",1
combookingDuobam,pxJCbUgpWc,tspreyd6,82,"5313702704","","3 Pine View Way",1
combookingRank,fp06myVgP,ewilliscroft4,60,"2919904123","","33 Shasta Way",1
combookingSonair,Sn8eJFV1q,lcoakleymy,12,"3832626400","","2 Dovetail Crossing",1
combookingZaamDox,ADFxoTNs,rbiancoci,100,"9168282304","","04151 Upham Alley",1
combostonKonklab,"9DahD5kmJZ",cbelhomemo,89,"9243141511","","7 Dayton Avenue",1
combostonStim,kxSt9DcdFmK,ggrigoribo,47,"7504456026","","11 Cody Alley",1
combusinessinsiderAsoka,fwvVG1l1ffS,pbenitti8y,12,"2581587063","","041 2nd Crossing",1
combusinessinsiderToughjoyfax,NcoOk5y3L,kcampkin8x,14,"4418532018","","2 Jenifer Avenue",1
combusinessinsiderYSolowarm,f9PjRm6Wm,jeden2v,88,"9973554525","","31 Sommers Road",1
combusinessweekCookley,J3wWi6yU6N,wmeiklamfs,69,"4879967488","","94857 Redwing Center",1
combusinessweekDuobam,XrlDKxaG2,rlorenmz,21,"2271161096","","09 Eastwood Junction",1
combuzzfeedFlowdesk,rUR171,slake7d,89,"5428602731","","783 Sundown Trail",1
combuzzfeedHatity,rdm9xCTDAfuP,mlidgertonfx,48,"8126314548","","66698 Village Green Pass",1
combuzzfeedHome Ing,xp3Jjr,smish8p,41,"7431641866","","4 Grasskamp Hill",1
combuzzfeedSubin,P8vwc4,meaglandn1,85,"4942502862","","04381 7th Alley",1
combuzzfeedTresZap,nNgbu1fs,lgelletlylg,99,"3977938433","","53320 Springview Junction",1
combuzzfeedZontrax,e2wmDwI,mmineargf,64,"8449182432","","7013 Summit Avenue",1
comcanalblogGreenlam,Bt8Spj9Pzb3E,twallacepy,29,"8888496078","","7479 Elka Junction",1
comcargocollectiveGreenlam,xqm4Sb,mtaborreb3,41,"2187968646","","9084 Johnson Terrace",1
comcargocollectiveStim,TYHx75Xnh1,amolohanbh,67,"2026460406","","2 La Follette Alley",1
comcbslocalCardify,bWdknLG,lcopesjp,66,"7968221745","","170 Warbler Circle",1
comcbslocalPannier,"5mY3uCeX5pqw",tscobiear,56,"7373008069","","15397 Village Avenue",1
comcbsnewsLotlux,LGUo3GRdxt,ajewett7j,69,"8871908105","","6364 Pleasure Road",1
comcbsnewsSubin,"766W6s0",lescotdl,38,"8703905243","","0600 Lakewood Drive",1
comcdbabyLatlux,"8wivMCAVcPrz",apitkethly6b,90,"6306759996","","7951 Maywood Pass",1
comcdbabyOverhold,"0PApOrjmgdn",dgietznb,72,"8905654234","","9 Stang Hill",1
comchicagotribuneStringtough,"505f3B",bpeachak,84,"9256671024","","134 Summer Ridge Center",1
comchicagotribuneTrippledex,"0xhRkykY",vvanacci96,73,"3038477583","","1763 Glendale Court",1
comchronGreenlam,TT7B3XT,ldabney20,78,"7358455332","","428 Anhalt Hill",1
comchronoengineCookley,"0EWSAp",blilloegh,28,"6402824037","","1920 Schlimgen Parkway",1
comciscoHoldlamis,egr5l1UBHs,oneaveox,47,"2862555500","","6687 Jackson Avenue",1
comciscoKeylex,EzX1SJW6bAen,fhendrikse71,19,"4037561706","","26 Prairie Rose Point",1
comcloudflareGembucket,PoHxWwQh,vhawe65,66,"7375443032","","0 Old Gate Alley",1
comcloudflareLatlux,eSVjGAZ4,vbraunrothc6,27,"5508053853","","8 Bellgrove Terrace",1
comcloudflareToughjoyfax,msVW7J,agidney9a,80,"1972902191","","4 Barby Road",1
comcloudflareZathin,"7erlz2XVVsJl",asherrington37,48,"6588647911","","4906 Myrtle Center",1
comcnbcVeribet,YLMPGBtvXM,eklauberei,50,"9687471785","","42 Eastwood Crossing",1
comcnetYfind,W9SGUjK,tbench8n,13,"8199269221","","36853 Morrow Pass",1
comcnetZoolab,b3nJVnajCTXb,sskrinesrc,77,"2967550550","","63 Onsgard Street",1
comcnnTin,TZjc6J,cburbidge3u,12,"7695961192","","7 Eagle Crest Plaza",1
comcnnTrippledex,H9zcTvtaVV,rduprey1h,30,"4715315672","","0 Old Gate Terrace",1
comcnnZontrax,OPJoLM,bjagielajn,70,"8194076123","","3 Magdeline Pass",1
comcocologniftyToughjoyfax,U9cGNVtoa,ethresh1i,93,"2212993307","","2 Kennedy Road",1
comcomBamity,"964vGa",atolossid2,56,"5904500314","","94 Moulton Point",1
comcomFintone,MNNaXW,mclaypoled1,58,"2647506935","","64 American Plaza",1
comcomOtcom,H8iNLfK,nraggitt3a,20,"2816085031","","203 North Hill",1
comcomsenzFintone,qWjJM3,cnatte87,10,"8334684087","","61510 Montana Junction",1
comcomsenzToughjoyfax,"1ipiC7",mdevaanq4,17,"1241717654","","054 Oriole Court",1
comconstantcontactStronghold,qh8Xlw,mwindas4a,19,"3118588301","","44 Pearson Place",1
comcsmonitorTrippledex,KECDNW,lcolleckk0,49,"3003033076","","888 Pond Terrace",1
comcyberchimpsRegrant,n714YuGchWc,aburgillhj,66,"4572161283","","4202 Mayfield Hill",1
comdagondesignHome Ing,STcBsuj,bdengelkz,8,"6886390591","","177 Lerdahl Road",1
comdagondesignVeribet,jCMUHq7y,lnaullsem,41,"5819174316","","0224 Stang Circle",1
comdailymotionTresom,hRnTrnQoQqK,tfransewich3h,17,"1762308459","","4335 Ronald Regan Place",1
comdedecmsPannier,BwTXolGy,hmaddamsdo,52,"8009011760","","39 Lotheville Trail",1
comdeliciousdaysSolarbreeze,xST9Su,jtuftm1,36,"9255647710","","096 Grasskamp Pass",1
comdeliciousdaysSubin,"2I4D8SfBks",efolkespf,57,"4769537828","","17 Derek Street",1
comdeliciousPannier,CBTUmGvdQvuL,dcawleyq0,98,"1421686092","","53806 Harper Way",1
comdeliciousVoltsillam,I0VVi3u9,gluckiecs,15,"7811845702","","39013 Golf Trail",1
comdevhubStringtough,xjKiAxGP,jwoodroughet,25,"5175969074","","638 Vidon Alley",1
comdiggZaamDox,"3pABf9Y",sloggieme,18,"2661834616","","409 Almo Pass",1
comdiigoToughjoyfax,"6OcVJpSGw9s1",dferrieriml,29,"7187621072","","53 Hayes Plaza",1
comdiigoZamit,g7oPce9d,jswaden81,39,"8284741830","","4 Rutledge Terrace",1
comdiigoZathin,yjqIxQ,jyakunins,69,"7116682961","","20118 Kingsford Center",1
comdiscoveryCookley,"9UBS6tq4cwY",dgresso0,58,"7844327303","","1 Larry Pass",1
comdisqusStronghold,ZbS5Vw4t,lferrickdr,89,"1456995472","","4 Menomonie Junction",1
comdisqusTrippledex,bRtTU3QHqP2,gbaslerqp,55,"9642918709","","0 Prentice Road",1
comdisqusVentosanzap,s5CZSMMgTQiw,cgelderbk,36,"3953643089","","7 Fairview Drive",1
comdisqusZathin,TCsDo8n,emarshmancl,66,"8448330070","","81011 Harper Point",1
comdomainmarketHatity,Gm1iEi6bq,wairlie1s,12,"5733865156","","5 Fulton Drive",1
comdropboxJob,AzJjtzKH,bwhodcoatfg,18,"7124518407","","88431 6th Park",1
comdropboxLatlux,Hr0kf2sjTK,bpleveyig,88,"6653177520","","55 Union Court",1
comdropboxSonair,VUkGKd8,acripsjv,26,"9216466028","","678 Chinook Crossing",1
comebayHatity,rSMLeMvk,bmariongb,68,"9476319548","","2 Scofield Avenue",1
comebayOverhold,iRE0X8B,jkoppsms,30,"9818855703","","3 Northland Crossing",1
comeconomistCookley,ylRAfgZql,bbiddles9j,95,"9627876001","","4 Annamark Parkway",1
comeconomistVoltsillam,apPbiLMQ156z,hgrishinov82,41,"5709866953","","658 Dakota Trail",1
comeepurlCardify,IW0som,zhamperd5,59,"7134874925","","1 Granby Street",1
comeepurlNamfix,YyY7XLorEbKs,aspeechley1b,92,"1985096884","","3214 Randy Center",1
comehowStronghold,awjU2s8,rmccallam4u,34,"9068791563","","786 Straubel Lane",1
comehowYfind,"3YuTF4ARkT",tsymingtonil,58,"1965451754","","87946 Spaight Pass",1
comelegantthemesTemp,jf2j8vr,flidierthba,96,"5121873789","","0 Artisan Alley",1
comelegantthemesYfind,EjtdRttI1,kjelfdv,60,"6211888267","","14863 Dakota Lane",1
comelpaisAlphazap,KPYEwEXIhqtQ,orock8j,63,"5644535679","","019 Morning Center",1
comelpaisRegrant,AeOlDhxhMzdB,apaddlekb,100,"7942637323","","07 Division Court",1
comelpaisTemp,XZ1wRaLr95,vosheerin76,27,"1835461518","","73 Anderson Junction",1
comengadgetCookley,xMZiBaWA98i,dpeabody1t,14,"1332557117","","5889 Maywood Avenue",1
comengadgetYfind,mQ7lmvyT2NL2,nkitchingmanb4,32,"6671400213","","21139 5th Plaza",1
cometsyTempsoft,"16sKKkx",dhaskell6p,71,"6388934153","","91 Rockefeller Trail",1
cometsyTrippledex,cNP14qdJR,jmohring5w,68,"8587228173","","43635 Hollow Ridge Center",1
comeventbriteDomainer,M6jdOzFAQD,sdoughtyhm,80,"3183944304","","43691 Namekagon Crossing",1
comeventbriteHome Ing,"4v0ZIl",csammondsk7,73,"8117848004","","72478 Monica Way",1
comeventbriteLotlux,sdZrjUaX3tiZ,lyoutheadlz,96,"2292847237","","86 Arapahoe Lane",1
comeventbriteWrapsafe,Z1qpBeJ3YG,tmallett24,16,"4181141846","","9660 Mayer Way",1
comexaminerStim,t1J6wdQU,spellingarhn,9,"7149366288","","652 Dawn Street",1
comexaminerToughjoyfax,aRuISOZVB,svigersh5,64,"2329261607","","724 Kings Terrace",1
comexampleNamfix,hQBdayK,ckenyone2,95,"3234803706","","7706 Waubesa Hill",1
comezinearticlesCookley,"4oFP6gXCx6j",yfarra4c,17,"5266688645","","450 Stuart Plaza",1
comezinearticlesLotstring,TI4Jk48LnX9o,gjermey9c,60,"6949978467","","20 Westerfield Terrace",1
comfacebookLatlux,Uw89Y0q,pgazey1a,25,"3896719752","","3304 Kipling Plaza",1
comfacebookSolarbreeze,I5IgSyx0Aw,gdecullipn5,36,"4567401488","","1 Marcy Parkway",1
comfacebookYSolowarm,O48PuQ,mselwyneos,83,"5256688152","","413 Doe Crossing Drive",1
comfastcompanyQuo Lux,XjRJa3xaSeMC,kbreachq1,41,"6475731654","","68643 Walton Center",1
comfastcompanySpan,"8czbijnGehz7",rbroderick4d,52,"5186747786","","46103 Warbler Park",1
comfc2Sonair,yOOaNAiYwug,scaldaromq,27,"8793639529","","62692 Lawn Circle",1
comfc2SubEx,aapDrp,mcoghlincq,89,"6534068820","","441 Dakota Street",1
comfeedburnerKonklab,za4MAJ,cspornerps,18,"1884914025","","3 Rutledge Road",1
comfeedburnerQuo Lux,ZerMuW,kswalwell86,73,"7457881514","","63 Bluestem Parkway",1
comflickrJob,uA2L0n57,cmugleston2g,89,"5644178314","","690 Dorton Trail",1
comflickrStringtough,w75oH7X,rwackette9,54,"8678082300","","9 Little Fleur Circle",1
comflickrTempsoft,DJRLAsHQgJri,alegrysdx,48,"3486635940","","9 Forest Run Park",1
comfoxnewsViva,j7XKQiR,gholmyard22,46,"3934937832","","2 Orin Place",1
comfreewebsKeylex,"3A3APfdFU",npeidrog1,46,"3844809603","","85622 Carey Crossing",1
comfreewebsStringtough,ynymLuxXPb,hiacovazzijk,98,"9414982783","","64 Dexter Place",1
comfriendfeedTemp,jK8dYtFBPWHW,ydudderidgejy,43,"9401771144","","13 Anderson Terrace",1
comftTranscof,"5x7cM5y7",geveralql,85,"7675945083","","7466 Granby Circle",1
comftYfind,jedEAeJjm,agordongiles28,35,"6797712699","","3 Nova Alley",1
comgeocitiesAsoka,jUtzKqQg,adenyukinp8,61,"2807357540","","7868 Grayhawk Plaza",1
comgeocitiesZathin,WQaMHx,mspriggsrq,70,"2586117130","","8 Crownhardt Junction",1
comgithubDuobam,Kggs1pqCu,mderlq7,10,"7767288207","","64 Stoughton Terrace",1
comgithubGreenlam,zm0V0nKf,ebrabhamlt,18,"2933887203","","917 Raven Hill",1
comgizmodoVentosanzap,cSUg1z13eKlQ,buccelli9y,92,"4824279574","","819 Ryan Way",1
comgizmodoVoltsillam,wX4brgMbzy,caverieso6,86,"2974437179","","1237 Bellgrove Crossing",1
comgloboFix San,q1S2wwMV,edibbert48,45,"1885721165","","01386 Carberry Avenue",1
comgoogleAlphazap,WVXDWkLR,sblinder6t,15,"2187059477","","3625 Barby Crossing",1
comgoogleDuobam,aFMUtCLFSRZ,mbenoix4t,25,"5839397074","","441 Monterey Court",1
comgoogleTranscof,ybm0NOaLz,wsimmings8v,68,"3001129437","","4504 Northridge Hill",1
comgoProdder,wzxeY7xi012R,ochansonaq,85,"2946694611","","6 Forest Court",1
comgoRonstring,hJ1dyDF5r,aclunanfh,13,"1058427552","","9672 Melvin Plaza",1
comhc360Tampflex,hvvehr0,crozeajd,13,"7234805716","","4 Goodland Pass",1
comhexunCardify,CmSmJ0jSYjX,thorley98,51,"3156220875","","6786 Green Point",1
comhexunWrapsafe,Xcszgymoa,dyanne4n,60,"3542657721","","87 Bayside Terrace",1
comhistatsStringtough,suhJLGJ,dfallenso8,52,"1768653835","","7628 Amoth Crossing",1
comhowstuffworksHoldlamis,F2saut,blongo8c,42,"3163833596","","80818 Delaware Point",1
comhowstuffworksStringtough,s7bemoZPCqp,blatteydh,59,"2356183553","","52 North Park",1
comhowstuffworksZontrax,fIxVo3,wsinnettbd,49,"1343187087","","0459 Forest Dale Road",1
comhpGreenlam,IXuzNtq,jharms6,73,"3234208083","","3455 Waubesa Crossing",1
comhpLatlux,YsoDzxc,mlashmore3x,22,"4195056134","","52882 Susan Court",1
comhpVagram,HPFn1D08yPH,mbeebyks,30,"4938981330","","982 Ronald Regan Plaza",1
comhpVoyatouch,"5pf3Zj0YOl8",geldridgeh8,69,"5776415813","","34620 Superior Court",1
comhubpagesBytecard,Vmb9voTEK,hvanderspohrla,9,"9351532546","","3946 3rd Pass",1
comhubpagesMat Lam Tam,gmR9zrN,aconeronj4,97,"3597634567","","847 Monica Way",1
comhubpagesTampflex,bOXKvmQFd2k,dzollner1r,77,"7755277540","","669 Cottonwood Point",1
comhuffingtonpostLatlux,XH0Bt1YnX,pdurstonho,59,"8406182276","","7840 Eastlawn Crossing",1
comhuffingtonpostOpela,TiFI47IwPd,steece1f,53,"1609818322","","539 Oakridge Drive",1
comhugedomainsKeylex,ixgA8L8zC,jhuglini2,86,"3662665011","","25 Pearson Hill",1
comhugedomainsVagram,ULxOUm92,jmcfeatemj,50,"5813591541","","33 Green Lane",1
comibmSubin,vAkuakC,wcircuittio,78,"6782732791","","76487 Becker Place",1
comibmTempsoft,KxE3m8SF,jdenmeadjc,55,"3507001831","","8 Jackson Avenue",1
comibmZamit,ML3YmDN,shaslegrave1x,67,"5589148456","","1 Cherokee Drive",1
comicqBigtax,e58ahji2O,jcramerb,81,"5962537923","","228 Blaine Avenue",1
comicqLotlux,"0TgIgkL2FA0h",sibbittk2,55,"1367524374","","1618 Havey Pass",1
comicqSonsing,GhhALR,obuddingnp,71,"5525497051","","3468 Mccormick Way",1
comihgDuobam,F0URgr,pgermain21,10,"2286441917","","550 Reindahl Street",1
comihgOverhold,nIhfHde4I,terrattl9,95,"9291156581","","25230 Surrey Trail",1
comihgProdder,MXUaKkGcAGp,rsaban5s,63,"2582650074","","6821 Hoard Point",1
comihgZamit,"7WOnMO85FA",jsedgereq,17,"7731098168","","374 Briar Crest Alley",1
comimgurAsoka,pXgcHI,mbutertonln,97,"1971175351","","2049 Scofield Point",1
comimgurMatsoft,aINzJOjCE,mstandidgekd,37,"5394969371","","96 Stephen Street",1
comimgurNamfix,buziuNNeSQkN,otichelaarg0,76,"3147903386","","30 Fairview Road",1
comimgurSolarbreeze,lLRhh5,msadlermr,8,"5267485843","","25 Elgar Center",1
comindiatimesZamit,oBFzORoM93hE,bskitchq6,90,"8183881036","","16971 Jenna Court",1
comindiatimesZathin,GjMM4Ai6v,sbelseybx,30,"5797431434","","724 Myrtle Lane",1
comindiegogoTresom,uOZnEl,mlilbourneck,45,"5601454312","","854 Roxbury Avenue",1
cominstagramCardguard,kUbEfB,kstannah91,56,"8155183494","","2 Kensington Avenue",1
cominstagramStringtough,"4wIAtwPKL4U",gadel9p,75,"9439191707","","42641 Southridge Terrace",1
cominstagramVentosanzap,TAvE0m04SuvX,mcreavin64,18,"3349565058","","0 Main Place",1
cominstagramZaamDox,oxsHpB,mwilacotb0,21,"8056454807","","68284 Westerfield Way",1
comintelBitwolf,T3Yfrp93yc,csprittaj,98,"2346192507","","0736 North Drive",1
comintelJob,gxdpIFC,fstoveskg,17,"1604564509","","51 Clove Pass",1
comintelLotstring,LrYa9tvgD,hjohanning7h,34,"3989606933","","17358 Evergreen Center",1
comintelMatsoft,X1vcEgG69em,sdownes66,68,"4925628913","","76 Little Fleur Plaza",1
comissuuFixflex,D5x0fuCt3,mvolagejl,49,"7478474818","","7 Evergreen Place",1
comistockphotoSolarbreeze,JbSXqC8EeJg,aschnitter1g,71,"4157257892","","0 Pierstorff Place",1
comistockphotoTin,G3HRqtR2Vo7K,gbeedengn,72,"5642877429","","93 Norway Maple Pass",1
comjavaDomainer,vIX0KDC,cgreggscd,89,"6213969766","","036 Farragut Plaza",1
comjavaFlowdesk,U8Z0XU,pkenrydim,25,"2843155531","","23 Boyd Drive",1
comjavaStim,GjE9LCGvNI,arickhuss7r,56,"3079550225","","7 Grover Point",1
comjavaTemp,ldTlIIcqba,fbroschke90,41,"5069353750","","4 Prairieview Terrace",1
comjiathisSonsing,G5MejEgVzB,aundrill3z,84,"5017627121","","43 Hooker Crossing",1
comjiathisTempsoft,LUfkLvMkLV,tgoodsal9d,39,"2574263004","","979 Homewood Place",1
comjigsyAlphazap,"1lm8o95VdA7d",ibaillieko,52,"2237341331","","47711 Ilene Crossing",1
comjigsyHome Ing,Pn3Oer,mcramond5k,41,"4894812952","","8 7th Avenue",1
comjigsyZaamDox,jRihOsQ,dalekhov9r,63,"3268238637","","23091 Fuller Alley",1
comjimdoSpan,xOUHu7y,vgridon6c,68,"8543542647","","49 Independence Trail",1
comlatimesRonstring,GNQkoUSAOI,dmanganm9,90,"5882879406","","0759 Blackbird Street",1
comlatimesStim,"7JnDny",pspelsburyf9,35,"6982559714","","963 Bluejay Street",1
comlistmanageSolarbreeze,"572epp",spesselpg,62,"7613949543","","71161 Petterle Circle",1
comliveDuobam,jZOq7O5D5B,eclandillon3k,40,"2056753181","","4371 Atwood Junction",1
comliveHatity,hDWMkJTnQXNU,oburdas80,39,"9607390312","","37452 Grayhawk Road",1
comlivejournalBamity,zHZxnVzn,kcondyc1,37,"2891262047","","255 Spohn Pass",1
comlivejournalZamit,ZECUGBZXZf,msamwayscm,25,"7601187902","","95 Dottie Terrace",1
comliveMatsoft,aukWHPBoCcgC,klimerqb,90,"5391611989","","8 Rusk Plaza",1
comluluBitwolf,JEtwPGDjS5,lwickardtic,93,"2308222414","","0 Riverside Alley",1
comluluSpan,xtWRUdkcQy,ndeavenelllm,9,"8244376550","","2 Hollow Ridge Junction",1
comlycosFintone,EStJPNxu,lrankin58,93,"7466628631","","42740 Crescent Oaks Park",1
comlycosMatsoft,"25P5vB",ftavinor8o,46,"3177164441","","1 Lake View Plaza",1
comlycosTampflex,"2BzTFs6sxhiV",soswal3y,76,"2925259757","","8707 Grayhawk Plaza",1
comlycosVeribet,EjgrtDNrx,tspeirh2,76,"4641218452","","839 Oak Trail",1
commacFix San,VkyCNJ,gmeadowcraftd0,15,"5884303346","","76 Holmberg Terrace",1
commacHoldlamis,qjSXeYOtBD1V,bpitkethly1o,64,"5599868364","","09 Oak Circle",1
commacIt,saNlKrCeD,elevetoy,26,"3348601496","","48428 Elka Way",1
commacromediaYSolowarm,XvOQlh,coherlihyc8,63,"1358441741","","226 Packers Point",1
commacTresom,UkiwN2ZDa,alillnx,30,"6723020517","","938 Havey Lane",1
commarketwatchDomainer,Sa7iEHSDFOgq,agartindi,79,"9931927212","","25 Oneill Drive",1
commarriottIt,"9URl8Og5z",cgorryr5,60,"1159745866","","75 Bartillon Drive",1
commarriottKonklux,KTEGpr53UuiO,ayantsurev5,54,"2344686244","","03 Waywood Pass",1
commashableSpan,XSPFYqnQor,cdeverose6s,54,"3267535851","","00301 Roth Street",1
commashableVoyatouch,Ce1h3i6K,kbetonia8a,62,"5879193941","","0499 Waubesa Terrace",1
commayoclinicVoltsillam,GScOXmdt7h,bmeldingo,73,"7101525838","","60012 Prentice Pass",1
commediafireKanlam,eHD36n0C,ckohlerrk,95,"9601995747","","78 Butternut Pass",1
commediafireSubin,R4HRFwKU,crampleeaz,19,"1552789114","","721 John Wall Way",1
commediafireVeribet,TUcvuaXpgNd,rbirchettgj,37,"4546069466","","6 Bluestem Hill",1
commeetupRonstring,"582z7AC",ptommaseofl,78,"9813337071","","3686 Burning Wood Circle",1
commeetupTranscof,y4ECRYXd,rbarendtsenp,41,"6365516039","","230 Esch Center",1
commerriamwebsterCookley,hWM5POfzdg,rmeikle7,35,"2533313927","","31 Lakewood Court",1
commerriamwebsterFlexidy,FEj753VRzol,haleksankovqs,60,"1433437704","","5 Donald Street",1
commerriamwebsterProdder,zHeC1EPQ,kadaway95,74,"7052428945","","664 Heffernan Plaza",1
commerriamwebsterTin,Mb77F91r8,jblessedd4,92,"4532612391","","82 Nevada Street",1
commerriamwebsterZaamDox,yCRD6pb0Gc9N,cduftynk,62,"7792444969","","71 Almo Parkway",1
commicrosoftRegrant,wfmTAdwCX,tredparthr3,39,"1355885979","","212 Forest Dale Junction",1
commlbFixflex,ehR7FyRY,mpostinmf,95,"7296122868","","4488 North Plaza",1
commoonfruitFlexidy,bCBRnXxABA,hgisckeni1,45,"2012865600","","665 Butterfield Street",1
commoonfruitFlowdesk,MbcZQSL9n3,clamborn52,60,"5687451976","","208 Lakewood Gardens Junction",1
commoonfruitKonklab,"1VxWNC7sH5Py",hlovattj6,44,"1929581862","","94 Brentwood Court",1
commoonfruitSubEx,ZgfWb6,rbrumfitt38,35,"4921860424","","2891 Merrick Parkway",1
commozillaPannier,tE398lEGnJIX,kkumarki,25,"8992296614","","0130 Rieder Pass",1
commozillaStringtough,"8geAqMpbSxE",nemblingoz,59,"1433023840","","16860 Carey Park",1
commozillaTranscof,"8YO9ufnQx",dbalducci1u,24,"2482771810","","3556 Arkansas Pass",1
commsnBytecard,v8egvzafq,rkernar6r,54,"7899655923","","38 Sundown Crossing",1
commsnSonair,"47oSjPtQG0",toldcoten9,11,"5055038417","","73489 Briar Crest Lane",1
commtvProdder,Kdu6vdMxw,glesieur6x,43,"1886012770","","3452 Elka Junction",1
commultiplyFixflex,YmZ7YribmP,fpretod3,65,"8494308291","","90210 Eastwood Park",1
commultiplyProdder,b4Stk8S,gswindon3b,76,"1429682920","","4 Hintze Avenue",1
commyspaceBitwolf,p8QmMaIiCN,kbolgar4x,55,"6212267724","","02010 Browning Way",1
commysqlLotlux,VWxXl5spn,lcurteiscr,14,"9282313146","","6 Continental Hill",1
commysqlOverhold,CbiNWeMbSTs,ufransesa2,47,"7556750789","","1 Spohn Center",1
commysqlVagram,rciOiE,dfitzroyqu,36,"6661354463","","26 Sunbrook Terrace",1
comnatureFix San,"8UuFEhC",areinhardtc7,94,"5137488126","","44 Petterle Lane",1
comnatureLotlux,USXtOyAJnXJ,imccarthynq,73,"9598811379","","86432 Raven Street",1
comnatureRank,tp7UV0jiyFpQ,dbubeer9,87,"9781327524","","933 2nd Point",1
comnatureSubEx,JEsezhovr,sfoakeskv,8,"5561029836","","7 Morrow Park",1
comnatureToughjoyfax,"2Qppx8K",meastlakebg,11,"7023269939","","290 Sundown Lane",1
comnaverVoyatouch,eVol5b1F,mlanghamg4,80,"4689122453","","789 Monterey Point",1
comnbaCardguard,IMYiU4gS1,erewbottom7g,12,"7231726672","","38 Evergreen Avenue",1
comnbaViva,VaL1pW173rk,kcloneyif,37,"3098139383","","847 Steensland Drive",1
comnbcnewsQuo Lux,Y26KE0,lmilham7z,29,"6745390353","","2085 Summerview Trail",1
comnetlogRegrant,"9IRzRnFL",mshowenja,18,"5545220030","","969 Russell Trail",1
comnetscapeAndalax,CfqRKdSPg,eerratto7,37,"8913988557","","79 Kedzie Center",1
comnetscapeDomainer,RcV2pbKVCdT,mgamlinw,68,"7228461906","","041 Meadow Valley Court",1
comnetscapeFixflex,lmDnuLRo9k,wthurlowap,68,"7636612926","","76729 Waubesa Crossing",1
comnetscapeVoltsillam,"6y9uAQL",fsimmgen4p,20,"8429914134","","6523 Londonderry Street",1
comnetscapeZoolab,dAl1ll3JJS3M,ebretellepa,44,"4575960470","","7 Glacier Hill Center",1
comnetvibesFixflex,Xx0zXU,amcraepr,12,"8307274008","","2 Autumn Leaf Pass",1
comnetvibesLotstring,kWGXysUGe,klidellir,15,"9728677043","","34302 Bunting Hill",1
comnetvibesVagram,mCV5Ya6vX,vrodolfimh,95,"4684371431","","4 Utah Pass",1
comnetworksolutionsAlpha,jOjOyj,apeasnonedg,30,"1404198097","","9849 Sunnyside Plaza",1
comnetworksolutionsAsoka,i9CjGgUai,dlampaertcn,72,"5147448805","","4800 Kingsford Trail",1
comnetworksolutionsFixflex,DesvK13Ay,odumingos1n,38,"1431242992","","46 Carberry Place",1
comnetworksolutionsProdder,DRMZj2kdl9u,ddunphyaa,75,"3714947848","","865 American Hill",1
comnetworksolutionsRonstring,R4Zcbzn,rlaxtonpu,90,"6435098789","","143 Schiller Road",1
comnewsvineSubin,JKDWgzC6KM,cremer5e,67,"5822399655","","69250 Harper Point",1
comnewyorkerDomainer,"1zDXPK6Cu9Z",rhehirhx,88,"1474269176","","591 1st Place",1
comnewyorkerKonklab,P82xV8hADx,hfullalovegx,27,"8392645642","","04585 Pearson Trail",1
comnewyorkerVoyatouch,sIeN0m5WPk2,rebbinsjw,82,"7671148081","","31 Eliot Pass",1
comnewyorkerWrapsafe,HQ3RmRYh,thattamah,55,"3039604983","","5813 Northland Circle",1
comniftyTresZap,Pw6huXVQm4RM,ireelypv,59,"9941289022","","46 Shasta Circle",1
comniftyVentosanzap,OX58RAXJvGu,kpeterpc,21,"7375366217","","759 Spohn Circle",1
comningTampflex,jnV0db9,fmathevetro,85,"7466405143","","2 Macpherson Junction",1
comningTranscof,Z2F8LU08N4j,tmaylottf6,50,"7279231132","","04 Superior Hill",1
comningTreeflex,"0iTMTj9HL",mshoveltonqd,75,"5668644116","","1 Bultman Terrace",1
comningViva,WxRquy,fpaulon5t,51,"3595283510","","493 Moland Court",1
comnydailynewsOverhold,S7SDlYzgOjq6,tstanex5g,73,"8983986288","","46189 Fallview Lane",1
comnymagFlowdesk,vwK5e4Wps,rminigo94,53,"6567062186","","0 Brentwood Trail",1
comnymagSonair,cXL60y,kstonhard89,99,"1098685193","","38 Lukken Point",1
comnytimesOverhold,DCp8Ok3,mwoollandok,63,"1254102994","","3484 Westridge Place",1
comnytimesRegrant,eyR3ME,dthoulesscg,78,"4042410841","","2803 Cody Center",1
comoakleyDaltfresh,DjQ44AP,lortega5l,58,"9288215254","","9 Fair Oaks Trail",1
comoakleyIt,H5jRyqx0GN8,amcbrearty2q,38,"8693121755","","7141 Everett Hill",1
comomnitureStronghold,bTDn8pHFTzVR,lcroleyqf,24,"9792215401","","66 Bonner Park",1
comoperaCookley,NA8UyUdfO,mchaldecottqq,94,"1517534942","","52278 Coolidge Center",1
comoperaHatity,"27YGB1diu",asargisoniw,99,"3027425598","","86062 Alpine Park",1
comoperaTin,ftdco4u,swikey3l,36,"9238765754","","4763 Jana Alley",1
comoperaYSolowarm,G5sxrG,dhoutbieot,83,"3156560579","","38 Forest Run Point",1
comoracleLotstring,aRSdAFaXDo,rgheerhaert5b,96,"3057337329","","06627 Judy Lane",1
comoracleRedhold,"5lz91SBo4",bocassidy8,13,"1698367547","","16238 Main Center",1
comoverblogRedhold,LCaUvsBQea,ecomettoc9,89,"4487345462","","58208 Mandrake Lane",1
compatchAlpha,vwfdTVYuEwi,asimms5r,65,"1253011822","","4025 Maywood Street",1
compatchTreeflex,jgAneBd,vhandleygk,22,"6141226761","","04 Union Park",1
compatchVoltsillam,Fj0Hb2SCJ,araybould9b,91,"8167130088","","22 8th Drive",1
compaypalSonsing,aCbs9v,medgeller40,57,"1975065915","","05 Oneill Court",1
comphotobucketKanlam,HSdCOws,hnovacek9n,62,"1418542236","","2650 Hansons Plaza",1
composterousJob,DC2vdq,sogianylr,21,"7019916473","","88152 Rigney Road",1
composterousMatsoft,Wujxfyv,kdunsire2y,9,"3609945542","","4057 Sutteridge Street",1
composterousSonair,Lpc9HXFMzP,psiverl,74,"3987907914","","81288 East Way",1
composterousSubin,tAIrAFCyq,kbriggdale93,71,"5564769475","","46 Golf Lane",1
comprintfriendlyKonklux,DDYwwfU,wlugard39,42,"1728667985","","9365 Annamark Parkway",1
comprnewswireHoldlamis,B3aXSxkmIatu,cnorval2e,9,"9695361599","","0 Loomis Alley",1
comprnewswireIt,EPahxxNVVIbt,wartheygl,15,"5415337463","","54452 Springs Plaza",1
comprnewswireOpela,njLi81scgiGJ,dfawcetto9,45,"4945476814","","3 Vermont Crossing",1
comprnewswireSolarbreeze,"4wTUxf",rcrotty8u,51,"2825467200","","77 Meadow Valley Alley",1
comprnewswireYfind,FwgAgBJ23,lgreenalloj,25,"1196576478","","923 Maryland Junction",1
comprwebFixflex,kBy3OTCoEaW,mjenteau4e,92,"2734628264","","44 Roxbury Road",1
comprwebNamfix,RfsL8JBBv,bbrabantcx,36,"6638495488","","16437 Hazelcrest Street",1
comprwebSpan,U9NDqcdpu79Z,pdaughtry1w,50,"6131254538","","6758 Dennis Center",1
comprwebZamit,DKWIlsEoD,sthornthwaiteqa,41,"3024692087","","778 Melody Point",1
compurevolumeKeylex,OkMHfnn,sfeldsteinc3,96,"2217605225","","72795 Debra Hill",1
comqqKanlam,"6FsHPHSpG",tscothorne8t,55,"7513993830","","4 Barby Trail",1
comquantcastPannier,xMM8SuZ,wowtramer,88,"7373919233","","1 Dexter Circle",1
comredditSubEx,UReC9P3BFJ,mbending4o,21,"9854292665","","9 Jay Avenue",1
comrediffSubEx,E2hQloKNO,dberrigan6g,24,"9798556631","","60087 Eliot Hill",1
comreferenceOverhold,uby4hxfk6,opudneynm,76,"4755704273","","6763 Talmadge Alley",1
comreferenceTampflex,"3bKmrMmI9F1",lhowdenfb,80,"9479102857","","4226 Kennedy Way",1
comreferenceVagram,NdnUKVPBCoX,abartozzip7,42,"1468105774","","5 Portage Junction",1
comreverbnationPannier,"21w6XXXr2BF",aodonohueg9,91,"4433028794","","10 Comanche Pass",1
comsalonBamity,"9KyAVhxsZQRP",djaquestbp,11,"7858525599","","480 Warrior Place",1
comsalonCardify,yBab9F3OF,eberzins6v,46,"7439717210","","5020 Manufacturers Terrace",1
comsamsungHome Ing,mjQDPIVH8YEd,gbelliveaumt,85,"4712938969","","079 Holy Cross Trail",1
comsamsungKonklab,CMRtlyBdV1,gbrandirg,89,"8785634829","","74657 Lakewood Junction",1
comsbwireVoltsillam,BLQt64RW,cbauerfw,39,"9758944497","","37 Debra Terrace",1
comsciencedirectZaamDox,vCaL9xYsEByR,akarysl7,66,"1523433668","","5 Nova Hill",1
comscientificamericanGembucket,fo86IGGKRHyN,fkeareynj,83,"1879551057","","06336 Nobel Junction",1
comscientificamericanGreenlam,"0AIHujYax",tmccaughranie,58,"2807002453","","25334 Stephen Hill",1
comscientificamericanSonsing,tPA8FaTqN,tlorrymann4,11,"5276272166","","847 Summit Park",1
comscribdDaltfresh,e6hBxdetg7qs,dlowensohnj1,14,"7997721495","","04470 Algoma Pass",1
comscribdWrapsafe,P4sIyg84AToc,bantalffykw,87,"4066611774","","34371 Moulton Way",1
comseattletimesAerified,wlkWqSKoh,mpickrellnw,19,"6546424454","","21931 Colorado Plaza",1
comseattletimesGreenlam,"5advJtms",dfranceschfj,90,"3744593994","","782 South Point",1
comsfgateHoldlamis,eNX94cm,ksleetkl,56,"4177556562","","727 Southridge Circle",1
comshareasaleViva,FwLkVmC8Xuz,eparcellsn,9,"9873339113","","08 Portage Road",1
comshinystatMat Lam Tam,qv9OAR9h5kr,dwinkettpb,63,"4629774660","","2750 Rusk Trail",1
comshutterflyTreeflex,QXMMPhl,skryszka2t,79,"3274144898","","1 Raven Avenue",1
comshutterflyTresom,agMNC6w1,rneubigging2b,60,"8955166341","","2 Bunting Hill",1
comsitemeterDomainer,"2iNpdJdtJoqV",crichardonkm,91,"2395456362","","7 David Drive",1
comsitemeterTresom,cyS32l,korgenm6,56,"6957363898","","337 Gerald Avenue",1
comskypeCookley,zXP5gFKE0LGe,kbagworthke,73,"1646264191","","9 Manley Parkway",1
comskypeFlexidy,mUSHlwr,cgandey9v,62,"7281880532","","7695 Marcy Way",1
comskypeLotlux,TqOCkJZb8u,glassellkf,90,"2432073836","","09288 Glacier Hill Street",1
comskypePannier,"8ZZaHX4e",csuggittij,91,"5584363645","","8339 Grayhawk Point",1
comskypeProdder,c8u6LE300r,dmccaullmn,91,"5033886083","","6 Twin Pines Trail",1
comskypeSubin,OhHTT3df641q,rnorthamqv,92,"6811307067","","537 Delladonna Lane",1
comskyrockAerified,gde5EF,tchasier8b,25,"6835959193","","5732 Mccormick Way",1
comskyrockKeylex,GyPM9fcn,trapley8m,94,"6535749951","","09 Morrow Road",1
comslateBigtax,pingeb3c1iWr,mstockjq,97,"1458152445","","44034 Upham Alley",1
comslateKeylex,xW7962tF2J,mmoncarrbj,27,"7873514159","","6 Messerschmidt Hill",1
comslateZoolab,x55GHP,rmakennu,65,"6351672058","","06 Stephen Way",1
comsmugmugHatity,pXMosTlgzDrR,ppreslandqr,52,"2713649378","","2 Utah Hill",1
comsogouLotlux,Wm5Dh2Adr32p,aculver9l,17,"7831970838","","344 Muir Road",1
comsohuCookley,YBHXjzAc,jtemblettrh,78,"8527603302","","44 Browning Lane",1
comsohuKeylex,RyzMh72,lcoalbran7o,27,"5806535317","","23 Starling Parkway",1
comsoundcloudNamfix,MVKCFSwG,mkynvinid,67,"4789834163","","977 Morningstar Terrace",1
comsoundcloudTresZap,wXXvje,dpasque7u,22,"4753105300","","30519 Stone Corner Plaza",1
comsphinnFlowdesk,RCmk0Bi1,aberickp6,18,"6385666945","","54 Mayer Trail",1
comsphinnMatsoft,fQAoAaesf1Tt,fmiddlemissp5,29,"8007248899","","47927 Claremont Circle",1
comspotifyBiodex,jY6wmC,clorenzon7,63,"4411879678","","8933 Granby Court",1
comspotifyZontrax,YUTzVsu,jnequest8z,71,"2618852221","","220 Village Green Terrace",1
comspringerFlowdesk,iGDA7eI4UA,kharsbz,67,"4898661312","","0 Northport Drive",1
comspringerTresZap,PV36KF,msesonsch,10,"5137324784","","7 Warbler Place",1
comsquarespaceRank,N9dO58,cwadhammv,78,"3396714119","","5 Fairview Junction",1
comsquarespaceZathin,JZi766uHXM,sallmondg5,30,"2069718767","","350 8th Point",1
comsquidooYSolowarm,QdcwdqCikjKw,amates27,61,"9885928802","","8 Mitchell Alley",1
comstatcounterAlpha,"1XtinNgkat",gwhitefootc2,88,"3646461472","","659 Acker Hill",1
comstatcounterProdder,N3v6QjzPz,hbalamhe,29,"5761927812","","3 Spaight Trail",1
comstorifyAsoka,NMQ97JQAuqR7,gjoselson5y,79,"9108473027","","39396 Riverside Plaza",1
comstorifyRegrant,hLdUWgnG,hkaines4q,48,"9476684348","","80795 American Ash Court",1
comstorifyStringtough,nPxQPrQ4o6,ldurtnalloe,69,"5738988091","","8488 Westerfield Circle",1
comstudiopressFlexidy,eKH4f5CVIGhs,jtwycrossii,35,"5002243104","","4312 Mandrake Court",1
comstudiopressZontrax,ZQLJse0to0H,kgirardins,14,"1404889619","","46619 La Follette Terrace",1
comstumbleuponTresZap,AJasVCYk,araineh,61,"5278424046","","04163 Pankratz Place",1
comstumbleuponVoltsillam,PHHYkOr,ajuckesn6,97,"6284346262","","929 Schiller Junction",1
comstumbleuponYfind,DaVhOjaO,tdezuanidb,57,"8358704766","","0 Cascade Parkway",1
comsunSubin,XUmW3M6mqIse,atallowin32,69,"6974029344","","278 Colorado Hill",1
comsurveymonkeyFix San,"0qxTFCwh",mvannah43,83,"9046808770","","383 Heffernan Center",1
comsurveymonkeyOpela,KyWPx3,srammelloo,30,"8544782867","","29237 Dixon Center",1
comsymantecBitchip,CaAkXCGWIfkA,hlaurentyom,73,"4491135516","","98434 Aberg Pass",1
comtaobaoBytecard,FtyLk1u,crooksbyhu,100,"9537223212","","9350 Basil Road",1
comtaobaoLatlux,CxguNg,lsimonyni,30,"3075040306","","80620 Forest Parkway",1
comtaobaoTrippledex,U4yUWRWo,ksainsburybrownbm,69,"2942899663","","4589 Coolidge Pass",1
comtechnoratiRank,y6vACqooP7,mmansoura0,41,"4063517901","","7496 Killdeer Parkway",1
comtechnoratiZaamDox,NNaCEpfodnsN,mrhymes7x,81,"1041159809","","25127 Merry Circle",1
comtedFlowdesk,Z9xBPEzcOjYv,mamerighinh,71,"8516192623","","3226 Knutson Pass",1
comtedVoyatouch,fAYZW2uMjr,hkabschaf,67,"3877280924","","0953 Gulseth Parkway",1
comtheatlanticHatity,po4SEqkvs,mhamflett3n,71,"2815690709","","5489 Melby Plaza",1
comtheatlanticTempsoft,DmuLrU,araoul9w,28,"4714538885","","31 Hayes Center",1
comtheatlanticYSolowarm,mqWP8FE,celijahd7,93,"1575972752","","06 Stuart Plaza",1
comtheguardianLotstring,DebG7CTunQs,cmacallen7q,98,"4943617222","","5804 Cottonwood Terrace",1
comtimeBitchip,"5RK1P8f3zt",jarrigo4l,50,"8145626305","","3 Daystar Trail",1
comtimeQuo Lux,cFwNLOdCk7,abrownleaf7,72,"7363008478","","68 Clarendon Terrace",1
comtinypicMatsoft,tsk2S8AhDpBz,cbuckellcb,26,"6642264360","","12374 Grim Point",1
comtinypicTresom,CdegiP,astansfield2a,58,"9904008964","","2995 Russell Street",1
comtinyurlGembucket,"6n2kmlfyS",atrevers7k,65,"7932183673","","9 Lukken Alley",1
comtmallAndalax,G9d0av,nboggis3e,16,"2946241733","","985 Farragut Court",1
comtopsySubin,LUhiV2c,rcoen1,32,"2834721553","","6 Johnson Drive",1
comtopsyToughjoyfax,SMwRWX7fbj,jlongo3r,16,"5111378077","","65980 Truax Junction",1
comtrellianGreenlam,SopSjT,tdienese3,25,"6233837890","","815 Gina Crossing",1
comtrellianSonair,eAP546Z44cV,nbullimore2c,31,"4153228546","","090 Gateway Pass",1
comtripadvisorAndalax,bwtuP3Q,dlufkinhw,76,"1001252330","","330 Florence Center",1
comtripadvisorDaltfresh,"7kaqyWLlZ",eparelldz,50,"1795630569","","9 Heffernan Terrace",1
comtripadvisorOtcom,cgHceH8Qw,cgarberfp,81,"5608095163","","56907 Lawn Trail",1
comtripadvisorSubin,"8U89GU1k16o",akingzetho2,67,"7038386694","","125 Sachs Place",1
comtripadvisorZathin,"7gazthKjPG",mnelmgo,67,"7574423587","","61804 Sunfield Lane",1
comtripodStringtough,"6IJKzij",jkornousekfe,23,"5556916619","","55 Coolidge Pass",1
comtumblrKonklab,q02yOr7,sfieldgateib,91,"2202848558","","798 Bluestem Pass",1
comtwitpicAlphazap,kk8sWj1,mkempson4r,54,"4808917136","","8 Golf View Place",1
comtwitpicMat Lam Tam,H4ldiUlk,nslimonls,57,"7037023422","","2778 Macpherson Trail",1
comtwitpicStringtough,CR1ShnvZpU,ibennen6u,29,"4773289796","","8 Badeau Junction",1
comtwitterStim,MavP46QZ,tbrockingtonbl,80,"5687434550","","1134 Green Way",1
comtwitterTresZap,AyO1Q2Tq,rsnibson25,58,"1284292661","","852 Hansons Park",1
comtypepadOpela,"2CAxka6q",lfairebrother92,38,"4346351812","","53 Lighthouse Bay Pass",1
comtypepadTampflex,uvBjT9ES3,skieltyi9,86,"5997010189","","5172 Spaight Trail",1
comucozHatity,"6RixQc5R",ghaysey6i,28,"2021410910","","9349 Briar Crest Avenue",1
comucozRank,du56IMf1S,braump,93,"1185297056","","75 Carioca Junction",1
comucozZoolab,o6HUJr6x25b,lgaughanm0,87,"3278503181","","7 Milwaukee Lane",1
comusatodayFix San,MKKIxpKY,hdanaher6o,9,"6974385666","","3678 Main Trail",1
comusnewsTemp,"9WR8IVIl6",heversleyld,37,"6847980325","","50 Lakewood Gardens Road",1
comusnewsVoltsillam,UAVNzGY,lkibble2w,95,"5931651255","","5582 Springview Drive",1
comvimeoSonair,bjxV0N20SANq,eshaudfurthjj,45,"4178384598","","12415 Melby Trail",1
comvinaoraFixflex,XjIkjFCQ,vbendigo1,45,"3982829993","","17483 Harbort Circle",1
comvinaoraViva,eP122FjA4B,fbeakaw,80,"1464587091","","3 Tennessee Hill",1
comvistaprintVagram,gWp6vJlOIh3,fgrunnill68,78,"9117924816","","9064 Northfield Terrace",1
comvkDaltfresh,"48UZrsCX25A",eabramovicq9,84,"8901496303","","62 Packers Way",1
comvkViva,XSwvxcXF8,rbeterissm8,14,"8331904288","","219 Tennessee Center",1
comwalmartSubin,sDrXccnfO8M,gjoirishl,52,"8496590388","","03 Bartelt Place",1
comwashingtonpostBytecard,X7G8M4CX5Wg,jvidean4w,61,"6105335446","","91 Gale Crossing",1
comwashingtonpostFintone,kLVorGF8t,gpeet7t,56,"2564277431","","6992 Westport Place",1
comwashingtonpostFlexidy,x9vOH7,kglenister16,38,"1278349373","","89162 Dixon Way",1
comwashingtonpostLotstring,XMlGm1v,rkilmartinne,49,"8111490819","","947 Calypso Hill",1
comweatherRedhold,N1DqyMqnXX,ahradskyev,94,"3028633674","","2291 Ridgeview Drive",1
comweatherSubEx,IWQh9V,slemmer74,42,"6321221741","","03 Luster Road",1
comwebmdOtcom,BA5EFjGqJ,frablinik,10,"7786421204","","35 Onsgard Hill",1
comwebmdSonair,ikUOZbont,elodo1z,64,"4262252211","","8266 Bartillon Circle",1
comwebmdStringtough,O5X7HC,trickardesav,35,"7124057455","","31 Cordelia Park",1
comwebnodeSubin,"0HA2Ktl",cmacrannell50,64,"8962466569","","71 Crest Line Plaza",1
comwebsSpan,t15nWKaPWYJ,dmccarliem,8,"8264287795","","2 Cody Trail",1
comweeblyAlpha,X1ZUh3HlQ,gkyberd5z,89,"9521352445","","7 Delladonna Point",1
comweiboTresom,fxlEPB2mYTS2,tmcleary8s,71,"7447141074","","392 Tony Crossing",1
comweiboVeribet,bHIg9hfLOO,scarlettiqw,86,"8998735099","","4383 Nancy Trail",1
comwikiaDuobam,CHcEQ4A,hthresherk8,16,"4023648677","","112 Cottonwood Way",1
comwikiaZaamDox,"2aPxFqypgY",tbevanj3,21,"3181212757","","5 Bartelt Pass",1
comwikispacesAndalax,VZ0DKPMzz,ngehrtsj5,16,"6468039721","","01265 Anzinger Junction",1
comwikispacesRedhold,t4U6xWei8t,jrignoldes7i,95,"4754844037","","39 Atwood Drive",1
comwiredCardguard,"4gbCg3vr",bverlindenon,37,"6507548254","","93484 Hintze Trail",1
comwiredHoldlamis,dd9tQYdJDF,ftipperbq,83,"3211949192","","8 Packers Hill",1
comwiredIt,"7ttr4IQ",teganjx,75,"3946436324","","05 Carpenter Point",1
comwiredKonklab,tfYb9OA,fdreng18,43,"9042990242","","144 Maple Circle",1
comwixCardify,tijsSj8Hw,agrishenkov7c,22,"8501132840","","1 Bonner Center",1
comwixOpela,"2EqsRksoYiM",bboniface5i,84,"6093438862","","69 Bartillon Junction",1
comwixZontrax,pL4xobunwNH,aweatherdonnf,70,"9719473854","","3889 Declaration Lane",1
comwoothemesAlphazap,rnOmU2XuqlF,esapsheda9,36,"9718750176","","5400 Hovde Point",1
comwoothemesFlexidy,HyI7vwNaK,fthredder7m,94,"9767733707","","6721 Laurel Plaza",1
comwoothemesZaamDox,m8A4AL,nmacneilll8,95,"4502326258","","74 Bayside Drive",1
comwpQuo Lux,qUryARgq,bkhomichn2,57,"9347602214","","4 Dawn Hill",1
comwpSubEx,SbNexXm,mellicombeeu,66,"1136473340","","8528 Pierstorff Terrace",1
comwsjFix San,YMJTNs,mmacsharrydq,86,"6636587995","","7 Anthes Point",1
comwufooBytecard,ukJklk3R,sspragg5q,83,"6978450229","","46232 North Junction",1
comwufooOtcom,Inn43UhVky,dtidcombnv,83,"1985002982","","40 Moulton Trail",1
comwundergroundKonklab,yv3fCAN,mlongthornky,9,"6387811359","","0270 Moulton Place",1
comwundergroundSonsing,RKGugMSf,aeisikowitznn,28,"6126892697","","65775 Norway Maple Plaza",1
comxinhuanetOpela,ZFTQlu8Vk,pclearsag,38,"1415034032","","63849 Maple Lane",1
comxinhuanetVeribet,gjBrS1,czukiermankh,63,"3036169982","","53284 Ohio Parkway",1
comycombinatorRonstring,bm3L6m,dwadmanoq,99,"1778026091","","2893 Grasskamp Drive",1
comyellowbookProdder,XxNsCMTk18R,hratchford8r,60,"9278254839","","1180 Mifflin Trail",1
comyellowpagesHatity,"5Lj1rm",gbarnes6n,97,"1934506962","","64424 Towne Parkway",1
comyellowpagesTin,l7VZzyJ,dgladdingmg,84,"2374899944","","2477 Sloan Park",1
comyelpKonklab,"1M47RQvJTXkg",mwimbridgeg8,84,"4281698127","","798 Russell Hill",1
comyolasiteAsoka,uyBXUE4Uz,btopleyq,23,"4036637286","","4873 Fallview Crossing",1
comyolasiteFixflex,"4GxLTtC",ltrentec,60,"1568327297","","17443 Northland Circle",1
comyolasiteTrippledex,d8qBeJ,dmeralijh,71,"2084199838","","6552 Colorado Court",1
comyoukuKonklux,JxyBHNHOUNf,pjerzycowskilh,54,"9365748479","","4 Johnson Center",1
comyoukuVoyatouch,RxE5zQ,lpenninibv,48,"7229831910","","4 Sachs Crossing",1
comyoutubeFlexidy,mVPxja,mbeginbe,51,"1961549095","","0 Cambridge Pass",1
comzdnetDomainer,XMPrszF9iC3,ddew79,63,"4975716416","","38 Heath Trail",1
comzdnetRank,ZrhnPNgD6dU0,lavory7f,45,"8729581870","","06416 Waxwing Alley",1
comzdnetZamit,WVjmDam,mbulwarddy,47,"4437423622","","3802 Coolidge Circle",1
comzdnetZathin,nHdS8hrn53,glepine8e,30,"9976843475","","080 Hayes Place",1
comzimbioCardify,cXCS4x9X2qT,afuryhb,83,"5403121410","","3 Fuller Point",1
comzimbioVagram,ZSvHnEu054gW,emonshall31,29,"2622559138","","2 Calypso Court",1
cotHome Ing,LMKNKc,ljillionsel,47,"9237114980","","8 New Castle Alley",1
cotToughjoyfax,J0nMpd,aglasmanj8,84,"1029050092","","8 Anderson Crossing",1
czphocaOpela,C3zI2D94B,dlattie2n,65,"8331895233","","4 Brown Place",1
czphocaTresZap,qURmH0,ddikelsnl,43,"4477409622","","5 Donald Crossing",1
cztoplistViva,"8CBu6677U2",kbener7b,98,"6365872438","","72807 Banding Terrace",1
de1und1TresZap,Y5gQLR,bwhitesoney,67,"7158060028","","64957 Sachtjen Hill",1
deamazonAlpha,Oagr3O,apassmorek6,83,"5872956154","","665 Cardinal Court",1
deamazonSubEx,"6FFHwezicyz",malgore1e,20,"6115034125","","188 Mcguire Street",1
deamazonVentosanzap,Kax4Ax0OxgC,dleftbridgeqz,98,"8722296339","","19291 Center Parkway",1
deamazonZaamDox,uHiN3cvQ1b6,mfarnongp,31,"4466015220","","8 Manitowish Way",1
deerecht24Bitchip,rAbGxxVkPP,fbeagrie11,73,"3402993917","","74 Vernon Crossing",1
degoogleAerified,WfjRgTtRxftX,tkayea6,88,"2635436191","","9344 Porter Parkway",1
degoogleStronghold,ILhG9ja8e,estobbart12,56,"3581143223","","572 Hintze Terrace",1
degoogleSubEx,Xpr9Aqs3d5,schestersoh,33,"9703338109","","687 Karstens Drive",1
despiegelBamity,"8wuoLkRP",emikalskik3,41,"1579557910","","11 Buell Junction",1
despiegelMatsoft,o42FELAlE,hminguetp4,78,"1111732674","","6 Dunning Point",1
despiegelQuo Lux,BntAWGmPNFaT,mdorantl3,29,"7666728533","","79 Sutteridge Center",1
detonlineRedhold,cpSrJuka3,bgasnoll61,47,"3607509375","","142 Huxley Street",1
detonlineTemp,ZdAYBRQ,fgreenoughht,32,"5734143299","","836 Laurel Parkway",1
eduarizonaDuobam,ROdaVRNbZ0Z,lbriant6e,20,"7289338434","","640 Coleman Park",1
eduarizonaGembucket,rBswhYsqE7,kdanilenkoju,50,"1141120606","","20 Killdeer Drive",1
eduberkeleyCardify,FXn8pSxuY,jcellierb2,93,"7169536040","","924 Stuart Place",1
eduberkeleyLatlux,VKvc2cIuSRU6,wvaleri29,18,"1165445531","","083 Melody Street",1
eduberkeleyTresZap,XGvXt4Csbp,jlangsbury5v,27,"5429590414","","76 Maywood Way",1
eduberkeleyWrapsafe,yKPZKqz0mhq,klowlem2,10,"5382291434","","39 Mayer Plaza",1
educolumbiaAlphazap,YLDcnSdg,bfasham3p,60,"7414937987","","294 Declaration Lane",1
educolumbiaFix San,jprLre,mseabrookin,67,"9602292839","","93992 Crescent Oaks Drive",1
educolumbiaFixflex,XiH72H,vpantoneq3,19,"8643507764","","07 Arrowood Center",1
educolumbiaHatity,ll6VRDr1NtV,mstallard14,61,"1163615635","","63 Birchwood Drive",1
educolumbiaLotlux,DEkXVSwlRHyi,kposcheln3,73,"5384912136","","78 Longview Junction",1
educolumbiaTresZap,SiqOPAEhCF,kbrocketty,28,"7666389041","","60823 Arkansas Parkway",1
educolumbiaVoltsillam,"0jE7xM",dsloegravem4,27,"7857357481","","4418 Evergreen Circle",1
educornellRank,k4y1VAHMJoE8,lwitherspoongy,92,"6523602854","","6 Prairie Rose Plaza",1
eduharvardKonklab,txdqFh,mnijs5c,40,"7461450781","","0 Ilene Center",1
eduharvardMatsoft,hZTghJQ,lbosheregz,31,"7502362590","","37171 Fieldstone Plaza",1
eduharvardSonsing,VaFcQWdpy,eantonssonof,17,"3636802443","","4 Hanson Circle",1
eduharvardStronghold,gtDDm6ss,cpauleitfn,65,"6344617987","","4018 Mariners Cove Way",1
eduillinoisMat Lam Tam,eaPEwwZPyLpM,cvipan1p,95,"4884684783","","368 Fairfield Way",1
eduillinoisVoyatouch,OjbcsFCh,squiltyal,29,"7159217709","","28389 Kensington Junction",1
edumitZoolab,xGRLlaQk2,mpoyneres,90,"9954344301","","547 Mockingbird Avenue",1
edunyuAlpha,"9DEYmFQaBA",cskellington57,86,"9857813290","","64610 West Place",1
edunyuBamity,fULQlD,dfromemw,77,"3264807358","","5145 Carberry Trail",1
eduprincetonDomainer,VQVajB,ogoodyearco,45,"2271106485","","774 Sycamore Trail",1
eduprincetonLotstring,OGR039e,cjenking7e,82,"5932042850","","20 Michigan Circle",1
eduprincetonStim,ah8Hkq5,wcoverlynb9,34,"3913913685","","6 Glendale Hill",1
eduprincetonSubEx,TwkYSFz,agasnelll2,90,"3049569231","","491 Hollow Ridge Plaza",1
edusiBitwolf,ZaIPuVvG7WTH,psheardownma,71,"4647948594","","7470 Ridgeway Place",1
edusiIt,n5AeuPwSQg,hhalleyh1,19,"5137019715","","0 Hayes Terrace",1
edustanfordRegrant,LLhGDfgc,gbousfielda8,42,"2492015068","","35 Fieldstone Lane",1
edutamuKonklux,"0u3UzM20P",hgrishanin0,22,"5157717647","","18 Sunbrook Road",1
eduuclaIt,iUjifCPo,misardce,87,"4844960750","","2228 Dennis Pass",1
eduuclaStringtough,rWpFOE8nM9,edelia73,43,"1649369930","","62 Northland Court",1
eduucsdGreenlam,"7xbmqw",egarrow2r,65,"9402469160","","8 Hansons Trail",1
eduucsdLotlux,"0CjJrX",rspurq2,89,"2035019374","","825 Mallory Crossing",1
eduucsdVentosanzap,TaUf6T0,fcauderlie8l,25,"7037628112","","18 Carpenter Court",1
eduuiucLotlux,OuHpHzlPXnK,ghannay9u,52,"4006273158","","7830 Schmedeman Circle",1
eduumichMat Lam Tam,a2ex8vUeR,dmickleburghj7,48,"9133769060","","52782 Butterfield Circle",1
eduumnAerified,o4qJ5a8m,lmorkhambw,94,"4662703384","","596 Bultman Road",1
eduumnTin,U7DnF6Iws1O3,hsmeeton46,11,"7623803870","","7 Fisk Circle",1
eduuncFintone,ll1FdE,mhilliam3c,63,"4423402912","","98827 Morningstar Avenue",1
eduuncIt,B2Bmk1tqS,nhandy3v,19,"4714291630","","12516 Bartillon Circle",1
eduuncMatsoft,HJSU1A,ebresnahan78,16,"9321548739","","18 Vermont Park",1
eduupennLotlux,hbUi8sXF,sfaynei5,88,"7043117426","","5058 Shasta Alley",1
eduupennStringtough,ltYfUM,ibellame4,75,"9729844607","","023 Summer Ridge Way",1
eduutexasBitwolf,XpvGhjQ,jboutflourgq,50,"7214579363","","00 Blue Bill Park Way",1
eduutexasLotstring,"2zxloDXPX",cdupreee,86,"9744553081","","60086 Hallows Junction",1
eduutexasNamfix,rsep3r5,lsurmeir60,96,"2327126171","","47134 Montana Plaza",1
eduutexasTin,jeY7vK7npZo,bketteringham5h,13,"7541880398","","740 Esch Point",1
eduvirginiaTemp,WDbkGKrN,aduckerhk,80,"7539831982","","269 Forest Run Way",1
eduwashingtonBytecard,HsRbjWrv,jpallisterng,84,"6345258158","","42 Debra Lane",1
eduwashingtonOtcom,ch7ilfOvCn,jbarajafq,68,"6843376942","","92 Westerfield Crossing",1
eduwashingtonPannier,nKhrPAetv6X0,wsideygt,30,"3976132321","","4318 Monument Crossing",1
eduwashingtonSonsing,"7gGvMtAZ9dzx",kpicardoph,24,"3169702916","","8 Randy Circle",1
eduyaleCardguard,u7rjQhsR,abraidcj,40,"1204532443","","142 Kennedy Center",1
esgoogleAndalax,oRciHZ,fstonhard62,58,"1494257451","","966 Moulton Parkway",1
esgoogleNamfix,"4wr2zRG",isommervillex,93,"9045796522","","602 Pepper Wood Circle",1
esgoogleViva,tibxr7W,mredheadcw,80,"6597527269","","1493 Kedzie Place",1
esgoogleYSolowarm,aICHcXH,nbelliov,38,"2421054104","","39252 Nobel Alley",1
eueuropaTresZap,yOX6r5l2Y,meveling6h,14,"6102277920","","84 Katie Trail",1
fmlastFintone,WGSr9ZiD,vmatthiae70,78,"6438272897","","83942 Pleasure Pass",1
fmlastProdder,itao9Nvu31Km,wshearbb,19,"3881197900","","2 Summer Ridge Way",1
fmlastTampflex,DoQxNJuYH,mburgum5o,52,"7136919003","","012 Coleman Drive",1
frfreeAerified,sgdziPpbSIip,jhamsteadd8,33,"9371267711","","051 Dexter Road",1
frfreeStim,jj25ND,jkee7s,10,"8994231028","","255 Cody Street",1
frgoogleBamity,d2ViEY,ksussems6j,87,"6367930590","","55741 Independence Point",1
frgoogleCardguard,"7WmHu3i",arangalldk,56,"4003671354","","14 Chinook Way",1
frgoogleHoldlamis,eOgfwJdQ75m,cpilburyge,48,"6109944456","","684 Maple Pass",1
frgoogleJob,"8WzuQLxk",mmcleman8d,86,"7447417883","","6 Pennsylvania Street",1
frgoogleTresom,TcP4KDdDlcdO,cvazi7,94,"9309197745","","6557 Portage Terrace",1
frpagespersoorangeVentosanzap,Kqjt7koDkz,pburdellhp,87,"6746147127","","49718 Buell Crossing",1
gdisRank,"3HZnnIeg2pmG",ggoodissoncf,73,"9364122137","","4734 Hintze Park",1
glgooLotlux,"8c5yS8YOKTHG",jbefroylc,88,"2485552824","","9337 Kenwood Park",1
glgooVagram,DlyF1z,srainvilleqy,15,"6026874246","","09 Vermont Center",1
govcaAerified,bLFD5nTFQ,mhalpeng7,17,"2089598463","","0666 Lindbergh Avenue",1
govcaOverhold,E7VsJZmX3,htaschr,44,"4121769682","","3298 Granby Court",1
govcaSpan,hB33s5I3aZ,dblondin85,48,"4109680124","","93 Schurz Alley",1
govcdcFixflex,"2IvHjg",aoxtoby5x,42,"8639111616","","131 Loftsgordon Hill",1
govcdcFlexidy,tOgNYY,irosellini5u,74,"6389238496","","13 Comanche Hill",1
govcensusKanlam,PlfcBRgvDrh,asenussigi,76,"5098075235","","664 Maryland Junction",1
govcensusSonsing,P8vZuT,eralton3o,78,"9751975287","","8133 Ridgeway Park",1
govcensusZaamDox,yspfyi6uQWUA,pcoghlanex,51,"3368259626","","754 Bayside Court",1
govdotQuo Lux,cxDEQhH,qhellicarhf,18,"2024292892","","96 Monument Junction",1
govfdaFixflex,kXQFBdixz,jrainsden77,73,"5505207747","","7 Darwin Terrace",1
govfdaVoltsillam,BSSZFK,amcclarenu,69,"7304571455","","5744 Rigney Center",1
govfdaZathin,LK9O2r8tgWBI,lgooddingjs,73,"6323795506","","08 Fuller Alley",1
govfemaBamity,zRAi1V1,dmccabern,43,"2968352019","","3806 Barby Terrace",1
govfemaFix San,zg3yDTfpSh,rharfletedu,35,"8284058283","","05135 La Follette Parkway",1
govfemaFlexidy,NX02EO7f,emacmichaelli,42,"6827006235","","33 Fuller Place",1
govfemaGreenlam,efkN5zmI2p,gwhittekga,31,"7298425349","","540 Tomscot Road",1
govfemaSpan,WwSAYVsA6van,lnuschehd,73,"6931601084","","56 Fair Oaks Plaza",1
govfemaStringtough,PsTMvUleAFy,ehogginsa3,15,"5722978153","","07827 Mcbride Alley",1
govfemaZamit,uQxsvhk,mmckibbengd,34,"5839717347","","847 Warner Place",1
govftcAlpha,lGplfj4f,dhaysham2u,56,"5179088987","","99 Truax Place",1
govftcAlphazap,SyeIYEgEENNx,pleeburnpp,93,"2416274254","","02 John Wall Alley",1
govftcLatlux,SMD6lV0Xwg,ndearyiu,24,"1319205301","","581 Linden Point",1
govhhsSpan,X2HLNVQv3sb4,gmellanby23,83,"4001992504","","0 Village Road",1
govhhsVeribet,Uywtzee9W,sgladeche55,12,"6615519665","","643 Nobel Crossing",1
govhouseBamity,vJsGEfScw,kmathivet75,34,"2997221077","","997 Paget Center",1
govhouseMatsoft,BDp3NjyxGMZM,sthomazetf,55,"3406531455","","1 Dottie Trail",1
govhouseStim,y0JZZqBj,sharnimanv,31,"5263987562","","688 Twin Pines Park",1
govhudCardguard,"3nCQcg",kandrewsee,96,"2062304307","","449 Sheridan Plaza",1
govhudRonstring,"6zBQ7G0w",aleggatk1,99,"5174303093","","3 Maryland Junction",1
govhudSonair,"1Bnq3gUZ5",rstraffono3,98,"8613645999","","5105 Cambridge Point",1
govhudSubEx,akfKHQ,bbrunelleschi34,39,"2715725724","","5732 Westerfield Street",1
govhudZamit,i9Umuq2Zwn,rroberti9z,53,"2918006385","","6 Kinsman Park",1
govirsAerified,"7jGyQ1Gz",hhalt5f,8,"4308570058","","76138 Blackbird Plaza",1
govirsDuobam,U6x4Ass58,sseareslj,14,"9159014382","","85 Towne Street",1
govirsSonsing,BLfIyubC4,mkelseyf8,22,"7977926356","","1154 Lunder Crossing",1
govlocFlexidy,eLWZ8tpoJQv,tguswell4v,98,"1152886112","","2 Iowa Crossing",1
govlocZaamDox,"68GFu7k59QN",boseltonlw,100,"6913378416","","873 Esker Lane",1
govnihLatlux,VF3yoyK,rduryqo,9,"5675301575","","73 Michigan Trail",1
govnihOpela,I3V8zUCIvPFS,bkidman2s,73,"4582341820","","3993 Hooker Lane",1
govnoaaSonsing,wnK3nUdgV,obratchcy,77,"5183503992","","589 Homewood Center",1
govnoaaTresZap,VZgZFDoVhVj4,ltoursha,81,"9149317451","","1 Butterfield Junction",1
govnpsCardguard,B6CFgy4xWLg,adraayerpl,96,"8686009222","","97769 Walton Trail",1
govnpsHome Ing,AMtO8EBj2PD,dcashell4h,79,"9816420165","","19647 Basil Avenue",1
govnpsOpela,P0HWBwoMW,mcutcheycc,98,"8232404231","","13586 Badeau Center",1
govsenateGembucket,FBWBfs,gcoultas3g,35,"6122001023","","73429 Fair Oaks Road",1
govstateMat Lam Tam,BIhwL3,jgoodered4f,14,"2132514424","","46 Holy Cross Trail",1
govstateRedhold,iix3KqkI1FQx,mtandyj,88,"1463653081","","97 Shelley Trail",1
govusaHome Ing,Sj2to63zxou,banglingm,51,"8481371451","","94 Mitchell Park",1
govusaStim,JsFbLt,bwhoolehanc,53,"4069908558","","29438 Kensington Trail",1
govusdaOpela,wDdkzyjl,garnholtzh6,11,"9324353023","","7365 Maryland Point",1
govusdaTampflex,"34J91E3Qf",lszymonowiczai,17,"1015380015","","3324 Westport Hill",1
govusdaTemp,ouBACIdu6V3,epetryr9,33,"9179632527","","76491 Goodland Avenue",1
govusgsDaltfresh,QjtXUNxyIv,allorenskk,46,"1848690447","","8411 Kings Road",1
govusgsProdder,M9kGpEZ,gpennicott7w,11,"6264919677","","9513 Maryland Lane",1
govusgsTampflex,LhRoEPSA,ipiscoeg,44,"8826344212","","06 Cambridge Circle",1
govusgsTin,"4HL29dr7kAG",hbrazenor2f,73,"2952509142","","1 Milwaukee Place",1
govusgsZoolab,"44YdOcdI7BA",bcrombleholmeri,85,"7458806198","","115 Dixon Road",1
govvaBitchip,VhVrQrt51a,hlazarusnd,48,"1013712062","","5 Green Ridge Parkway",1
govvaStringtough,"9W5d0MI",cwheatmanb7,60,"4114130487","","4 Mendota Plaza",1
govvaZaamDox,tUt4tPnVESB,nkinnard4i,38,"7287746072","","1 2nd Park",1
govwhitehouseAlphazap,CJ1Nw5,tsutherby9q,19,"2747120694","","64 Morningstar Hill",1
govwhitehouseCardify,fViXuRzwMLNl,jhackworthf4,90,"6293030531","","82 Moland Center",1
govwhitehouseFixflex,UAHzyVt,tnewbornoa,79,"5529907808","","884 Main Crossing",1
govwhitehouseGembucket,cESlilz,mdominguez1c,91,"2173090277","","13 Katie Way",1
govwhitehouseVeribet,"3VedP4a5",ldurrandoc,76,"5433548654","","49 Harper Hill",1
hkcomgoogleQuo Lux,"31spzMUJIma",fkimmince33,80,"2555682279","","4338 Mayfield Pass",1
infoaboutadsSonsing,v6v4HWR8TBOd,mgroucutta7,82,"6114819181","","98819 Dahle Park",1
intwhoFintone,"7JRKyla",ecandish2d,20,"1391357571","","32140 Linden Crossing",1
intwhoOverhold,tUhsmYRx,pmacmichaelkc,57,"3241737858","","3 Fulton Parkway",1
intwhoVentosanzap,lqKrERBWI4k,ndowninggu,18,"4136587914","","24117 Nancy Way",1
iogithubGreenlam,UeF9cf2496,mrobertsenb1,9,"3863103942","","00297 Buhler Terrace",1
iogithubIt,FELcQN4Pc,jclohissyi8,96,"6096694471","","36 Harbort Alley",1
iogithubTin,C1jSUBrX6xur,cstarcksp9,67,"2698829033","","5250 Doe Crossing Circle",1
iopenMatsoft,"2OFUiwRc",pludlam2k,51,"8439088717","","6393 Bartillon Trail",1
iopenSpan,sRvLud8K,jjopp3j,74,"9287932305","","28186 Cody Avenue",1
iopenTempsoft,UwHtVYdTai,lwoltonpw,53,"5479114003","","33156 Harper Parkway",1
iosoupOpela,Z2bD7TtO,sperche9m,32,"4935779379","","7 Elka Junction",1
itgoogleRank,j2nsKyWTHH6,vferrieri7a,56,"2852808984","","4 Atwood Junction",1
itpaginegialleJob,"4PFlcodW",fslaygs,75,"8111006442","","3 Maple Alley",1
itpaginegialleOpela,KmnRtayI,chrinishinnc,51,"5195187622","","070 Onsgard Place",1
ittuttocittaBiodex,fnzCXH9z,echidgeybf,92,"3438889792","","487 Jackson Junction",1
ittuttocittaOtcom,"7TRr7se7A3",hgiblin45,13,"9399419269","","5005 Kings Avenue",1
jack,"1234",jack,35,"010-1111-2222",,서울시 용산구,2
qwer,werwer,홍길동,20,"0105265566",adf,asdbfjh@naver.com,1
sdf,werwer,콩순이,3,"666636663",asdf,n9@naver.com,1
son,"1234",me,24,"010-1234-1234",,서울시 중구,2
use06048,"222",Nate,34,"115151555",adsf,asdfjhlasl@mgmg,1
yusub1,werwer,유수빈,50,"01065458745",,경기도,1
