,title,name,bloggerlink,postdate,descriptionr
0,간단한 밑반찬 영양몰 반찬세트 밥도둑반찬이에요,멈미네,https://blog.naver.com/junsar19,20220307,kr/product/%<b>EB%</b><b>91</b>%90%<b>EB%</b><b>82%</b>A8<b>%EC%</b>8B%9D%ED%92%88-<b>%EC%</b><b>B0%</b>B8%EA%BD%83%ED%94%BC%<b>EB%</b>8A%94%<b>EB%A7%</b>88<b>%EC%</b>9D%84-%<b>EB%</b><b>B0%</b>98<b>%EC%</b><b>B0%</b>AC<b>%EC</b>... <b>EC%</b>A2%85-<b>%EC%</b>A<b>0%</b>93%EA%<b>B0%</b>88<b>%EC%</b>8C%88<b>%EC%</b>9E%A5<b>%EC%</b>98%A4<b>%EC%</b><b>A7%</b>95<b>%EC%</b>96%B4<b>%EC%</b>A<b>0%</b>93<b>%EC%</b>94%A8<b>%EC%</b>95%97<b>%EC%</b>A<b>0%</b>93%EA%<b>B0%</b>88%EA%B<b>9%</b>BB... 
1,알곤 박판 냉간 콜드티그 알루미늄용접기 어디가 좋을까?,1등 산업포털 여기에,https://blog.naver.com/yeogie1,20220221,com/product/<b>%EC%</b>BD%9C%<b>EB%</b>93%9C-%<b>EB%</b>83%89%EA%<b>B0%</b>84-<b>%EC%9A%A9%EC%</b>A<b>0%</b><b>91</b>%EA%B8%B0-<b>%EC%</b>95%8C%EA%B3%A4-tig-%<b>EB%A7%</b>88<b>%EC</b>... set-%<b>EB%</b><b>82%B</b>4<b>%EC%</b>87%BC%<b>EB%</b><b>82%</b>A<b>0%</b><b>EC%</b>8B%9C<b>%EC%</b>8<b>A%A</b>4%ED%85%9C-<b>%EC%</b>A<b>0%</b>80%ED%95%AD/1656/category/26/display/1/ 유튜브... 
2,나만의 비즈니스를 잘 해내고 싶다면?,오키로북스,https://blog.naver.com/soaring11,20220316,http://shop1.market5kilo.cafe24.com/product/%EA%B3%B5%<b>EB%</b>B6%80<b>%EC%</b>9D%98-<b>%EC%</b>8B%9C%<b>EB%</b>8C%80-<b>%EC%</b>98%A4%<b>EB%</b>8A%98-%<b>EB%</b><b>B0%</b><b>B0%</b><b>EC%</b><b>9B%</b>8C-%<b>EB%</b><b>82%B</b>4<b>%EC%</b>9D%BC-<b>%EC%</b>8D%A8%<b>EB%A</b>8%B<b>9%</b><b>EB%</b>8A%94-%<b>EB%</b>B<b>9%</b>84<b>%EC%</b>A6%88%<b>EB%</b>8B%88<b>%EC%</b>8<b>A%A</b>4-<b>%EC%</b>A<b>0%</b>84%<b>EB%</b>9E%B5-3%EA%B8%B0/2354... 
3,[빛가람동커텐/우드블라인드] 가족 모두 편안한 공간!... ,하늘지붕 ; 감각적인 홈패브릭,https://blog.naver.com/skyroofstyle,20220304,kr/product/rd-%ED%83%84%ED%83%84%ED%95%9C-<b>%EC%</b>95%94%<b>EB%A7%</b>89<b>%EC%</b>BB%A4%ED%8A%BC%<b>EB%</b>B2%A<b>0%</b><b>EC%</b>9D%B4<b>%EC%</b><b>A7%</b>80-<b>%EC%</b>B<b>9%</b>9C%ED%99... co.kr/product/<b>%EC%</b>98%A4%<b>EB%</b>8F%99%<b>EB%</b><b>82%</b>98%<b>EB%</b>AC%B4-%<b>EB%</b>B8%94%<b>EB%</b>9D%BC<b>%EC%</b>9D%B8%<b>EB%</b>93%9C/650/category/96/display/1/
4,"[100HOME 백홈]팜파스 책장 2x5, 티칼 식탁 배송기",100HOME 백홈,https://blog.naver.com/100_home,20220314,https://www.100home.co.kr/product/%ED%8B%<b>B0%</b><b>EC%</b>B<b>9%</b>BC-<b>%EC%</b><b>9B%</b>90%<b>EB%</b>AA%A9-<b>%EC%</b>8B%9D%ED%83%81-%EA%B3%A<b>0%EB%</b>AC%B4%<b>EB%</b><b>82%</b>98%<b>EB%</b>AC%B4<b>%EC%</b>98%A4%ED%81%AC<b>%EC%</b><b>9B%</b>94%<b>EB%</b>84%<b>9B</b>/381/category/50/display/1/ 하부에서 보시면 조립방식으로 이동이... 
5,아방궁 VS 백악관,무르 의 공방,https://blog.naver.com/knock001,20220319,"https://www.shiseki-chikei.com/%E5%9F%8E%E<b>9%</b>83%AD%E6%<b>A7%</b>8B%E<b>9%</b>80%A0-%E<b>7%</b>AB%8B%E5%9C%<b>B0%</b>E5%88%86%E<b>9%</b>A1%9E/ 일본의 성은 성역의 형태에 따라 산성, 평산성, 평성과 수성/해성으로 구분한다. https://namu.wiki/w/<b>%EC%</b>9D%BC%<b>EB%</b>B3%B8<b>%EC%</b>9D%98%20... "
6,오미크론재확진 기간,하도리 돌담집 민박,https://blog.naver.com/vod0418,20220310,com/1385299/%ea%<b>b0%</b>90<b>%ec%</b>97%bc%<b>eb%</b>90%9c-%ed%<b>9b%</b>84-<b>%ec%</b>99%84<b>%ec%</b>b<b>9%</b>98%<b>eb%</b>90%90%<b>eb%</b>8a%94%<b>eb%</b>8d%b0-<b>%ec%</b>bd%94%<b>eb%a</b>1%9c%<b>eb%</b><b>82%</b>98-<b>%ec%</b>9e%ac%ea%<b>b0%</b>90<b>%ec%</b>97%bc-<b>%ec%</b>9d%b4<b>%ec%</b>9c%a<b>0%</b>ea%<b>b0%</b>80/ 남들이 뭐라할진 모르겠으나 #코로나확진자재감염.... 
7,"웨딩선물,커플유리잔, 커플와인잔",가을구름,https://blog.naver.com/autumncloud,20220216,kr/product/%<b>EB%A</b><b>0%</b>88%ED%84%<b>B0%EB%A7%</b>81-<b>%EC%</b>BB%A4%ED%94%8C-<b>%EC%</b>9C%A<b>0%EB%A</b>6%AC<b>%EC%</b>9E%94-<b>%EC%</b>84%B8%ED%8A%B8%<b>EB%</b>9D%BC%ED%83%84<b>%EC%</b>BB%B5%<b>EB%</b><b>B0%</b><b>9B%EC%</b>B<b>9%</b>A8/760/category/102/display/1/ #커플유리잔 #유리잔선물세트 #신혼부부선물 #웨딩선물세트... 
8,[일본어 게임 번역 칼럼] 제26스테이지 - 리그 오브 레전드... ,일본어 공부의 멘토가 되어드리고 싶습니다,https://blog.naver.com/youkeyno,20220228,https://namu.wiki/w/%<b>EB%A</b>6%AC%EA%B<b>7%</b>B8%20<b>%EC%</b>98%A4%<b>EB%</b>B8%8C%20%<b>EB%A</b><b>0%</b>88<b>%EC%</b>A<b>0%</b>84%<b>EB%</b>93%9C/<b>%EC%9A%A9%EC%</b>96%B4?from=%<b>EB%A</b>1%A4%20<b>%EC%9A%A9%EC%</b>96%B4 이런 건 나무위키 참고.특히나 게임을 모르는 분들이 헷갈려하실만한 것만 몇 가지 간단하게... 
9,2월 제주도 여행 _03,낭만패밀리,https://blog.naver.com/bluelecom,20220305,"com/v5/search/<b>%EC%</b><b>B0%</b>A8%EA%B<b>7%</b>80%<b>EB%</b>8F%84%20%<b>EB%</b><b>B0%</b><b>B0%EB%</b><b>82%</b><b>9A%</b><b>EC%</b>8B%9C/place/11590635?placePath=%3Fentry%253Dpll&amp;c=14043623.7287948,3936338.2810209,15,0,0,0,dh #수용횟집배낚시 선장님의 눈빛은 30년 정도 원양어선을... "
10,"삼성 공기 청정기 블루스카이4000 AX100N4020WD 87,590원... ",함께해서 즐겁습니다.,https://blog.naver.com/ybs1224,20220303,https://search.naver.com/search.naver?where=nexearch&amp;sm=top_sly.hst&amp;fbm=1&amp;acr=4&amp;ie=utf8&amp;<b>query=%EC%</b>9C%84%<b>EB</b>... A<b>0%</b>95%EA%B8%B0+30%ED%8F%89+%<b>EB%</b>B8%94%<b>EB%A</b>3%A8<b>%EC%</b>8<b>A%A</b>4<b>%EC%</b>B<b>9%</b>B4<b>%EC%</b>9D%B4+<b>%EC%</b>8<b>A%A</b>4%<b>EB%A7%</b>88%ED%8A%B8<b>%EC%</b>8B%B1... 
11,목욕 놀이 개구리 분수 장난감 럭키프로그 구매,pcbstudio(피시비스튜디오),https://blog.naver.com/kil8381,20220210,딸아이의 즐거운 목욕 놀이 시간을 위해 최근 sns광고에서 많이 보이던 개구리 분수 장난감 럭키프로그를 구매 하였습니다 https://search.shopping.naver.com/search/all<b>?query=%</b><b>EB%</b>AA%<b>A9%EC%</b><b>9A%</b>95%20<b>%EC%</b>9E%A5%<b>EB%</b><b>82%</b>9C%EA%<b>B0%</b>... 
12,2021summer-1,red eye flight,https://blog.naver.com/kimay0513,20210726,https://map.naver.com/v5/search/%ED%8C%94%<b>EB%</b>8B%B<b>9%</b><b>EB%</b><b>B0%</b>98<b>%EC%</b>A<b>0%</b>90%20<b>%EC%</b>84%9C<b>%EC%</b>B4%88/place/1198294551?placePath... https://map.naver.com/v5/search/<b>%EC%9A%A9%EC%82%B0%</b>20<b>%EC%</b>B4%88<b>%EC%</b><b>9B%</b>90/place/1319862091?placePath=%3Fentry%253Dpll&amp;c... 
13,코로나19 무식한 방역대책과 백신접종 당장 중단하라!,Ozone Therapy(오존 의학),https://blog.naver.com/goodozone,20220112,https://kr.theepochtimes.com/%E<b>9%</b>9F%93-<b>%EC%</b>B2%AD<b>%EC%</b>86%8C%<b>EB%</b>85%84-%<b>EB%</b><b>B0%</b>B1<b>%EC%</b>8B%A<b>0%</b>ED%8C%A8<b>%EC%</b>8<b>A%A</b>4-%<b>EB%</b>85%BC%<b>EB%</b>9E%80-%EA%<b>B0%</b>80<b>%EC%</b>97%B4-%ED%97%8C%<b>EB%</b>B2%95<b>%EC%</b>86%8C<b>%EC%</b><b>9B%</b>90-%<b>EB%</b>8C%80%ED%86%B5%<b>EB%A</b><b>0%</b>B<b>9%</b>C2%B<b>7%</b><b>EC%</b><b>A7%</b>88_603061.html https... 
14,컴퓨터 구매 시 살펴볼 것들,멍뭉곰돌이의 네이버 블로그,https://blog.naver.com/shimjunyong,20220213,wiki/w/%EA%B<b>7%</b>B8%<b>EB%</b>9E%98%ED%94%BD%20<b>%EC%</b>B<b>9%</b>B4%<b>EB%</b>93%9C/<b>%EC%</b>A<b>0%</b>9C<b>%EC%</b>A1%<b>B0%</b><b>EC%</b><b>82%</b>AC#s-2.2.1 제조사마다 부스트 클럭... 파워서플라이는 <b>A</b>/S 보증기간이 5년 이상인 것으로 구매할 것! 저렴한 파워서플라이를 구매하더라도... 
15,[제품디자인] 2022년 강소기업디자인지원사업 모집 공고... ,Design Studio 36.5,https://blog.naver.com/365design,20220318,file:///C:/Users/desig/Downloads/[%<b>EB%</b>8C%80<b>%EC%</b>A<b>0%</b>84]%202022%<b>EB%</b>85%84%20%EA%<b>B0%</b>95<b>%EC%</b>86%8C%EA%B8%<b>B0%</b><b>EC%</b>97%85%<b>EB%</b>94%94<b>%EC%</b>9E%90<b>%EC%</b>9D%B8<b>%EC%</b><b>A7%</b>80<b>%EC%</b><b>9B%</b>90<b>%EC%</b><b>82%</b>AC<b>%EC%</b>97%85%20%<b>EB%</b>AA%A8<b>%EC%</b><b>A7%91</b>%20%EA%B3%B5%EA%B3%A0(%<b>EB%</b>B8%8C%<b>EB</b>... 
16,"[100HOME 백홈]팜파스 책장 추가구매, 스트링, BM소파... ",100HOME 백홈,https://blog.naver.com/100_home,20220228,잘 보면 2통으로 만든게 보이시죠~ ^^ https://www.100home.co.kr/product/%<b>EB%</b>B8%94%<b>EB%A</b>3%A8-%<b>EB%A7%</b>88<b>%EC%9A%</b>B4%ED%8B%B4%EA%B3%A<b>0%EB%</b>AC%B4%<b>EB%</b><b>82%</b>98%<b>EB%</b>AC%B4-<b>%EC%</b>99%80<b>%EC%</b>9D%B4%<b>EB%</b>93%9C-<b>%EC%</b>B2%B4<b>%EC%</b>8<b>A%A</b>4%ED%8A%B8-4x1/516/category/52/display/1... 
17,"서울예대 극작과 입시, 불합격 이유를 생각하라",The Fuxxing Apocalypse,https://vongmeanism.tistory.com/,20220211,https://www.dropbox.com/s/ud7lrgqh8eim9mo/<b>%EC%</b>84%9C<b>%EC%9A%</b>B8<b>%EC%</b>98%88%<b>EB%</b>8C%80%20%EA%B<b>7%</b>B<b>9%EC%</b>9E%<b>91</b>%EA%B3%BC%20<b>%EC%</b>8B%A4%EA%B8%<b>B0%</b>20<b>%EC%</b>9E%<b>91</b>%<b>EB%</b>AC%B8%20%ED%95%<b>A9%</b>EA%B2%<b>A9%</b>20%EA%B5%90%<b>EB%</b>B3%B8.pdf?dl= 서울예대 극작과 실기 작문 합격 교본.pdf Dropbox를... 
18,[넷플릭스] 셀프 메이드 : 마담 C.J. 워커,Dorothea KAM - Friede sei mit dir,http://dorothea.egloos.com/,20220221,엄청나다 ㅎㅎ MCJW Madam CJ Walker https://search.shopping.naver.com/search/all<b>?query=</b>MCJW%20Madam%20CJ%20Walker&amp;frm=NVSHATC&amp;prevQuery=%EA%<b>B0%</b>80%EA%B2%<b>A9%</b><b>EB%</b>B<b>9%</b>84%EA%B5%90<b>%EC%</b><b>82%</b>AC<b>%EC%</b>9D%B4%ED%8A%B8 2022.02.20 결혼기념일 1주년 .....lily 신고
19,[엘든링] 모든 지역 가는 방법,무르 의 공방,https://blog.naver.com/knock001,20220309,"용의 트리 가드, https://namu.wiki/w/<b>%EC%9A%A9%EC%</b>9D%98%20%ED%8A%B8%<b>EB%A</b>6%AC%20%EA%<b>B0%</b>80%<b>EB%</b>93%9C 북쪽 거인들의 산령... wiki/w/%<b>EB%</b>AF%B8<b>%EC%</b>BC%88%<b>EB%</b>9D%BC<b>%EC%</b>9D%98%20<b>%EC%</b>B<b>9%</b>BC%<b>EB%</b><b>82%</b>A<b>0%</b>20%<b>EB%A7%</b>90%<b>EB%A</b><b>0%</b>88%<b>EB%</b>8B%88<b>%EC%</b>95%84 말레니아를 잡기... "
20,[용산 맛집] 소셜커머스 트윗폰 용산맛집 루키스버거에서... ,키스한번못해본 배불뚝이인생-37年,https://blog.naver.com/snsguide,20110218,"http://www.snslog.net/blog/search/all/<b>%EC%9A%A9%EC%82%B0%EB%A7%9B%EC%A7%91</b> 용산의 미군들이 햄버거를 먹기 위해 찾는 곳이 루키스 버거라고 합니다. 수제 햄버거에 음료수와 포테이토까지 해서 13,750원 하는데... "
21,"{일본유학 일본어학연수}  입국자 격리 3일, 하루 5000명이상",MH일본유학 어학연수 워킹홀리데이,https://blog.naver.com/sec26,20220216,"{일본유학 일본어학연수} 입국자 격리 3일, 하루 5000명이상 https://www.mhuhak.com/<b>%EC%</b>96%B4%ED%95%99<b>%EC%</b>97%<b>B0%</b><b>EC%</b>88%98<b>%EC%</b>A4%80%<b>EB%</b>B<b>9%</b>84/<b>7%</b><b>EC%</b><b>9B%</b>94%ED%95%99%EA%B8%B0-%<b>EB%</b>AA%A8<b>%EC%</b><b>A7%91</b><b>%EC%</b>95%88%<b>EB%</b><b>82%B</b>4/"
22,부드러운 소고기미역국 끓이는 법 /소고기요리 /미역요리/아침국,체인부부의 살림레시피,https://blog.naver.com/teaser1,20211219,한우 구입은 https://www.danpoongmall.kr/product/%<b>eb%</b><b>82%b</b>4<b>%ec%</b>9e%a5<b>%ec%</b><b>82%b0%</b><b>ec%</b>a<b>0%</b>95<b>%ec%</b>9d%8d%ed%95%9c<b>%ec%9a%</b>b01-1%<b>eb%</b>93%b1%ea%b8%89-<b>%ec%</b>96%<b>91</b><b>%ec%</b><b>a7%</b>80%ea%b5%ad%ea%b1%<b>b0%eb%a</b>6%ac-1kg-<b>%ec%</b><b>a7%</b>84%ea%b3%b5%ed%8f%ac<b>%ec%</b>9e%a5-<b>%ec%</b>8a%ac%<b>eb%</b>9d%bc<b>%ec%</b>9d%b4/ 산... 
23,"[클래스101] 수업 준비물 '아란탑다운스웨터 워크북', '수퍼100'",나무의 니팅 실험실,https://blog.naver.com/ehtory,20211204,"http://knitree.com/product/aran%ED%83%<b>91</b>%<b>EB%</b>8B%A4<b>%EC%9A%</b>B4<b>%EC%</b>8<b>A%A</b>4<b>%EC%</b><b>9B%</b>A8%ED%84%<b>B0%EB%</b>8F%84<b>%EC%</b>95%88<b>%EC%</b><b>A7%91</b>/679/category/66/display/1/ 수퍼100 다른 색상을 원하시거나, 미처 추가하지 못하신 분들은 아래 링크에서... "
24,추억팔이 애니모음 ♠01.변신물,송여블로그,https://blog.naver.com/erio752,20220211,wiki/w/%<b>EB%</b>B3%84%<b>EB%</b><b>82%</b>98%<b>EB%</b>9D%BC%20<b>%EC%9A%</b>94<b>%EC%</b>A<b>0%</b>95%20<b>%EC%</b>BD%94%<b>EB%</b>AF%B8) # 신비한 별의 쌍둥이 공주 (줄여서... wiki/w/%<b>EB%</b>B<b>9%</b><b>9B%EC%</b>9D%98%20<b>%EC%</b>A<b>0%</b>84<b>%EC%</b><b>82%</b>AC%20%ED%94%84%<b>EB%A</b>6%AC%ED%81%90<b>%EC%</b>96%B4/%<b>EB%</b>93%B1<b>%EC%</b>9E%A5<b>%EC%</b>9D%B8%<b>EB%</b>AC%BC)... 
25,태교바느질 추천! [뽀야베이비] 베넷저고리세트 베넷저고리diy... ,S의 다이오리 ♥,https://blog.naver.com/tjd16,20220307,<b>B0%</b>80%<b>EB%</b>8B%89-%<b>EB%</b>B2%A<b>0%EB%</b>B2%A0-<b>%EC%</b>95%84%EA%B8%B0-%ED%98%B8%<b>EB%</b>9E%<b>91</b><b>%EC%</b>9D%B4-%<b>EB%</b><b>B0%</b><b>B0%EB%</b>83%87<b>%EC%</b>A<b>0%</b>80%EA%B3%A<b>0%EB%A</b>6%AC-%<b>EB%A7%</b>8C%<b>EB%</b>93%A4%EA%B8%B0-<b>%EC%</b>84%B8%ED%8A%B8-%ED%83%9C%EA%B5%90%<b>EB%</b><b>B0%</b>94%<b>EB%</b>8A%90<b>%EC%</b><b>A7%</b>88-diy-<b>%EC%</b>97%AC%<b>EB%A</b>6%84-<b>%EC%9A%A</b>9/633/category/30... 
26,해상운송과 항공운송의 수출입 절차(feat.해외직구),울산항만공사 공식 블로그,https://blog.naver.com/ulsan-port,20220209,"둘째, 선하증권(<b>B</b>/L), 항공 운송장 또는 이와 유사한 서류, 통관서류, 원산지증명서, 보험증권... com/blog/guide/%<b>eb%</b>b<b>9%</b>84<b>%ec%</b>8a%b<b>7%</b>ed%95%98%ea%b1%<b>b0%eb%</b><b>82%</b>98-%<b>eb%</b><b>82%</b>98%<b>eb%</b>b<b>9%</b>a<b>0%</b><b>ec%</b><b>a7%</b>80%ea%b1%<b>b0%eb%</b><b>82%</b>98-2022%<b>eb%</b>85%84-%<b>eb%</b>ac%bc%<b>eb%a</b>5%98... "
27,파워포인트 오류 발생 시 안전모드로 시작하기,수현아빠의 스토리텔링 프레젠테이션,https://blog.naver.com/radiobj5,20220209,https://support.microsoft.com/ko-kr/office/powerpoint%EA%<b>B0%</b>80-<b>%EC%</b>9D%<b>91</b>%<b>EB%</b>8B%B5%ED%95%98<b>%EC%</b><b>A7%</b>80-<b>%EC%</b>95%8A%EA%B1%<b>B0%EB%</b><b>82%</b>98-<b>%EC%</b>A4%<b>91</b>%<b>EB%</b>8B%A8-%<b>EB%</b>98%90%<b>EB%</b>8A%94-<b>%EC%</b>A4%<b>91</b><b>%EC%</b><b>A7%</b>80%<b>EB%</b>90%A8-652ede6e-e3d2-449a-a07f-8c800dfb948d?WT.mc_id=M365-MVP... 
28,발톱무좀약. 중간 강도 먹는약 테르비나핀 11600원 한달분량,이상한 삼류.마이너한 생활기(가격표.책.실제경험담.),https://blog.naver.com/tkver,20220305,https://brunch.co.kr/@medicalwriter/32 https://nowisbetter.tistory.com/entry/<b>%EC%</b>86%90%<b>EB%</b><b>B0%</b>9C%ED%86%B1%<b>EB%</b>AC%B4... B<b>9%</b>84%<b>EB%</b><b>82%</b>98%ED%95%80-vs-<b>%EC%</b>9D%B4%ED%8A%B8%<b>EB%</b>9D%BC<b>%EC%</b>BD%94%<b>EB%</b><b>82%</b>98<b>%EC%</b>A1%B8-%<b>EB%</b>B6%80<b>%EC%</b>9E%<b>91</b><b>%EC%9A%A</b>9... 
29,[브리핑] 20대 대통령 후보 4인의 농정 공약 비교,지구의벗 서울환경연합,https://blog.naver.com/seoulkfem,20220224,naver.com/search.naver?where=nexearch&amp;sm=tab_etc&amp;<b>query=%EC%</b>A<b>0%</b>9C20%<b>EB%</b>8C%80%20%<b>EB%</b>8C%80%ED%86%B5%<b>EB%A</b><b>0%</b>B<b>9%EC%</b>84%A<b>0%</b>EA%B1%<b>B0%</b>20%ED%<b>9B%</b>84%<b>EB%</b>B3%B4<b>%EC%</b>9E%90) 작성 ㅣ 생태도시팀 김현경 활동가 ****@****.**.**
30,국민약콩두유 무첨가 두유 추천 아침식사대용 두유 다이어트,THE PRESENT,https://blog.naver.com/real_ruby,20220203,https://kmbio.shop/product/<b>%EC%</b>84%A<b>0%</b><b>EC%</b><b>B0%</b><b>A9%EC%</b>88%9C-<b>%EC%</b><b>82%</b>AC<b>%EC%</b>9D%80%ED%92%88-<b>%EC%</b>A6%9D<b>%EC%</b>A<b>0%</b>95-%EA%B1%B4%EA%<b>B0%</b>95-%EA%B4%80%<b>EB%A</b>6%AC-%EA%B5%AD%<b>EB%</b>AF%BC<b>%EC%</b>95%BD<b>%EC%</b>BD%<b>A9%</b><b>EB%</b><b>91</b>%90<b>%EC%</b>9C%A0/9/category/1/display/2/ #임산부두유 #약콩두유 #저당두유... 
31,비추천 게시물 유형,DreamFactory7 :: IT,https://dreamfactory7.tistory.com/,20211222,이미지출처: https://talk.op.gg/s/lol/free/2098089/<b>%EC%</b>95%BC<b>%EC%</b><b>A7%</b>A4-%ED%<b>9B%</b>84%<b>EB%</b><b>B0%</b><b>A9%EC%</b>A3%BC<b>%EC%</b>9D%98-<b>%EC%</b><b>A7%</b>A4%<b>EB%A</b>6%AC%EA%B8%<b>B0%</b><b>EC%</b>A<b>0%</b>84<b>%EC%</b>97%90 5. 쓰레기형 ; 딱봐도 불리수거 안된 정의롭지 못한 게시물.... 
32,두 가지 빛으로 '이중 자물쇠' 채운다 - ACS,신원데이터넷 블로그,https://blog.naver.com/swnet1,20220304,기사출처: https://www.postech.ac.kr/%ea%b8%<b>b0%</b>ea%b3%84-%<b>eb%</b>85%b8<b>%ec%</b>a4%80<b>%ec%</b>84%9d-%ea%b5%90<b>%ec%</b>88%98%ed%8c%80-%<b>eb%</b><b>91</b>%90-%ea%<b>b0%</b>80<b>%ec%</b><b>a7%</b>80-%<b>eb%</b>b<b>9%</b><b>9b%ec%</b>9c%bc%<b>eb%a</b>1%9c-<b>%ec%</b>9d%b4<b>%ec%</b>a4%<b>91</b>-<b>%ec%</b>9e%90%<b>eb%</b>ac%bc<b>%ec%</b>87%a0/?pageds=1&amp;k=&amp;c= 원문출처: https... 
33,[랩클] 산뜻한 보습감의 보습 토너 &quot;랩클 펩타이드 크림스킨... ,모두 어디로 간걸까...,https://blog.naver.com/sunkyong502,20220302,https://thelabcle.com/product/%<b>EB%</b>9E%<b>A9%</b>ED%81%B4-%ED%8E%<b>A9%</b>ED%83%80<b>%EC%</b>9D%B4%<b>EB%</b>93%9C-%ED%81%AC%<b>EB%A</b>6%BC-<b>%EC%</b>8<b>A%A</b>4%ED%<b>82%</b>A8-%<b>EB%</b>AA%A8<b>%EC%</b>9D%B4<b>%EC%</b>8<b>A%A</b>4<b>%EC%</b>B2%98%<b>EB%</b>9D%BC<b>%EC%</b>9D%B4<b>%EC%</b><b>A7%</b>95-%ED%86%A<b>0%EB%</b>84%88/17/category/42/ [랩클 바로가기 ] * 이... 
34,98%<b>EB%</b><b>82%</b>98%<b>EB%A</b>1%9C-%<b>EB%</b>AA... <b>91</b>%<b>EB%</b>98%<b>91</b>%ED%95%9C-<b>%EC%</b><b>9B</b>... ,bpb,https://blog.naver.com/dlehfvl,20171124,kr/ideabooks/4363799/%<b>EB%</b>B<b>9%</b>8C%ED%8A%B8<b>%EC%</b>9D%B8-%EA%<b>B0%</b>80%EA%B5%AC-%ED%95%98%<b>EB%</b><b>82%</b>98%<b>EB%A</b>1%9C-%<b>EB%</b>AA%A8%<b>EB%</b>93%A0-%EA%B1%B8-%ED%95%B4%EA%B2%<b>B0%</b>ED%95%9C-%<b>EB%</b>98%<b>91</b>%<b>EB%</b>98%<b>91</b>%ED%95%9C-<b>%EC%</b><b>9B%</b>90%<b>EB%A</b>3... 
35,네이버에서 '사다리타기' 검색해보세요.,펀펀메이커스FUNFUNmakers,https://blog.naver.com/yukitowa,20220310,https://search.naver.com/search.naver?sm=tab_hty.top&amp;where=nexearch&amp;<b>query=%EC%</b><b>82%</b>AC%<b>EB%</b>8B%A4%<b>EB%A</b>6%AC%ED%83%80%EA%B8%B0&amp;oquery=<b>%EC%</b>9E%AC%<b>EB%</b>B<b>9%</b>84%<b>EB%</b>BD%<b>91</b>%EA%B8%B0&amp;tqi=hAFXfwp0Yidsst2XeiZssssstT4-423814 하는 방법도 쉽습니다. 1.... 
36,"러시아 흑해함대 부사령관, 마리우폴 전투 중 전사",진주강씨 광주전남종회 부회장 강진원 블로그,https://blog.naver.com/kjw5310k,20220321,&gt; 안명진 기자 https://www.msn.com/ko-kr/news/world/%<b>EB%</b>9F%AC<b>%EC%</b>8B%9C<b>%EC%</b>95%84-%ED%9D%<b>91</b>%ED%95%B4%ED%95%A8%<b>EB%</b>8C%80-%<b>EB%</b>B6%80<b>%EC%</b><b>82%</b>AC%<b>EB%A</b><b>0%</b>B<b>9%</b>EA%B4%80-%<b>EB%A7%</b>88%<b>EB%A</b>6%AC<b>%EC%9A%</b><b>B0%</b>ED%8F%B4-<b>%EC%</b>A<b>0%</b>84%ED%88%AC-<b>%EC%</b>A4%<b>91</b>-<b>%EC%</b>A<b>0%</b>84<b>%EC%</b><b>82%</b>AC/ar-AAVisiX?... 
37,가르시니아다이어트 빨간병다이어트 콜레로뺄래오리지널,INFJ의 고찰,https://blog.naver.com/ego0109,20220223,B<b>9%</b>A8%EA%<b>B0%</b>84%<b>EB%</b>B3%<b>91</b>-%<b>EB%</b>8B%A4<b>%EC%</b>9D%B4<b>%EC%</b>96%B4%ED%8A%B8-<b>%EC%</b>BD%9C%<b>EB%A</b><b>0%</b>88<b>%EC%9A%</b><b>B0%</b><b>EC%</b>8<b>A%A</b>4%ED%8F%AC<b>%EC%</b>8<b>A%A</b>4<b>%EC%</b>BD%9C%<b>EB</b>... AC-<b>%EC%</b>BD%9C%<b>EB%A</b><b>0%</b>88%<b>EB%A</b>1%9C%<b>EB%</b>BA%84%<b>EB%</b>9E%981%EA%<b>B0%</b>9C<b>%EC%</b><b>9B%</b>94%<b>EB%</b>B6%84/21/category/52/display/1/cafe_mkt=ue_review4... 
38,통풍에 좋은 음식 삶의 질 높여요,GOOD DAY : ),https://blog.naver.com/andna88,20211219,"https://m.search.naver.com/search.naver?sm=mtp_hty.top&amp;where=m&amp;<b>query=%EC%</b>A<b>0%</b>9C<b>%EC%</b>A3%BC<b>%EC%</b><b>82%B</b>0+%<b>EB%</b>B<b>9%</b>84%ED%8A%B8<b>%EC%</b>A6%99 -황제의 병, 왜 생길까? 우리 몸은 체내에서 퓨린을 합성하고 분해하는 대사 과정을 거칩니다. 퓨린은 생물체에... "
39,부착용꽂이판 유리 부착 게시판 안내판 크라스 액자,"실사소재, 광고자재",https://dpgshop.com/,20211118,크라스 쇼윈도인포 https://dpgst.com/product/%<b>EB%</b>B6%80<b>%EC%</b><b>B0%</b><b>A9%EC%</b><b>9A%A9%</b>EA%BD%<b>82%</b><b>EC%</b>9D%B4%ED%8C%90-%ED... BD%<b>82%</b><b>EC%</b>9D%B4-a5-a4-a3-a2-%ED%88%AC%<b>EB%</b>AA%85-<b>%EC%</b>95%84%ED%81%AC%<b>EB%A</b>6%B4-%ED%8F%AC<b>%EC%</b>BC%93-<b>%EC%</b>A<b>0%</b>9C<b>%EC%</b>9E%<b>91</b>... 
40,치타 금융플랫폼 ꔫ 치타배달 만큼이나 빠른 치타대출 후기 관련,만두의 여행,https://blog.naver.com/chadoohwann,20220212,"핀다, 토스, 카카오뱅크 이용조건 #총정리 https://kpop-gallery.tistory.com/entry/%<b>EB%</b>AC%B4<b>%EC%</b><b>A7%</b>81<b>%EC%</b>9E%90%<b>EB%</b>8C%80<b>%EC%</b>B6%9C-<b>%EC%</b>B6%94<b>%EC%</b>B2%9C-<b>%EC%</b>9D%B4<b>%EC%9A%A9%EC%</b>A1%<b>B0%</b>EA%B1%B4-<b>%EC%</b>A<b>0%</b>88<b>%EC%</b><b>B0%</b>A8-<b>%EC%</b>B4%9D<b>%EC%</b>A<b>0%</b>95%<b>EB%A</b>6%AC-1"
41,"시 侍, 사 士, 젠 Gen",무르 의 공방,https://blog.naver.com/knock001,20220313,"바지, https://namu.wiki/w/%<b>EB%</b><b>B0%</b>94<b>%EC%</b><b>A7%</b>80 그러나 치마를 입고 자전거를 타기 힘들듯, 치렁치렁한... https://en.wikipedia.org/wiki/Chariot https://zh.wikipedia.org/wiki/%E<b>9%</b><b>9B%</b>99%E8%BC%AA%E6%88%<b>B0%</b>E8%BB%8A 하나는 높으신... "
42,★올림푸스 브릿지 카메라(ZLR) 튜토리얼★ 2 ---- IS(L)... ,★엔젤티씨의 삼성/올림푸스 필름카메라 튜토리얼★,https://blog.naver.com/cjh2922,20220319,https://search.naver.com/search.naver?where=nexearch&amp;sm=top_hty&amp;fbm=1&amp;ie=utf8&amp;<b>query=%EC%</b>A<b>0%</b>81%<b>EB%</b>AA%<b>A9%</b>ED%98%84<b>%EC%</b>83%81 Fill-in... top&amp;where=nexearch&amp;<b>query=%</b>ED%94%BC<b>%EC%</b><b>82%</b>AC%EA%B3%84+<b>%EC%</b>8B%AC%<b>EB%</b>8F%84&amp;oquery=<b>%EC%</b><b>82%</b>AC<b>%EC%</b><b>A7%</b>84+<b>%EC%</b>8B%AC%<b>EB%</b>8F%84&amp;tqi... 
43,유명한 웹사이트에 사용되는 프로그래밍 언어들,파워 프로그래머,https://blog.naver.com/websearch,20220313,https://ko.wikipedia.org/wiki/<b>%EC%</b>9C%A<b>0%EB%</b>AA%85%ED%95%9C_<b>%EC%</b><b>9B%</b>B<b>9%EC%82%</b>AC<b>%EC%</b>9D%B4%ED%8A%B8<b>%EC%</b>97%90_<b>%EC%</b><b>82%</b>AC<b>%EC%9A%A9%</b><b>EB%</b>90%98%<b>EB%</b>8A%94_%ED%94%84%<b>EB%A</b>1%9C%EA%B<b>7%</b>B8%<b>EB%</b>9E%98%<b>EB%</b><b>B0%</b>8D_<b>%EC%</b>96%B8<b>%EC%</b>96%B4%<b>EB%</b>93%A4... 
44,법규,...,https://nowgnoy.tistory.com/,20220225,kr/%ED%96%89<b>%EC%</b>A<b>0%</b>95%EA%B<b>7%</b>9C<b>%EC%</b>B<b>9%</b>99/%EA%B8%88<b>%EC%</b>9C%B5%ED%<b>9A%</b>8C<b>%EC%</b><b>82%</b>AC<b>%EC%</b><b>A7%</b>80%<b>EB%</b><b>B0%</b><b>B0%</b>EA%B5%AC<b>%EC%</b>A1%<b>B0%</b>EA%<b>B0%</b>90%<b>EB%</b>8F%85%EA%B<b>7%</b>9C<b>%EC%</b>A<b>0%</b>95<b>%EC%</b>8B%9C%ED%96%89<b>%EC%</b>84%B8<b>%EC%</b>B<b>9%</b>99... 
45,품격있는 중동여행 두바이에서 자유여행,하나투어 하니여행사,https://blog.naver.com/roue2,20220227,dtcmProdAttrDvCd=P&amp;oppbTitlNm=%<b>EB%</b><b>91</b>%90%<b>EB%</b><b>B0%</b>94<b>%EC%</b>9D%B4%20<b>%EC%</b>A<b>0%</b>95%<b>EB%</b>B3%B4<b>%EC%</b>84%B1%20%EA%B8%<b>B0%</b>ED%<b>9A%</b>8D<b>%EC%</b>A<b>0%</b>84_%EA%B4%80%EA%B4%<b>91</b><b>%EC%</b>B2%AD&amp;plnnExhtId=PL00112813&amp;plnnExhtDesc=%EA%B4%80%EA%B4%<b>91</b><b>%EC%</b>B2%AD%20<b>%EC%</b><b>A7%</b>80<b>%EC%</b><b>9B%</b>90%EA%B8%88%20%<b>EB%A</b>6%AC<b>%EC%</b>86%8C<b>%EC%</b>8A... 
46,건강하고 행복한 설 명절 되시길 기원합니다.,한국전통사경연구원 외길 김경호,https://blog.naver.com/eksrnswkths,20220129,https://www.msn.com/ko-kr/news/politics/%EA%B3%BC%EA%B1%B0-<b>%EC%</b>A<b>0%</b>95%<b>EB%</b>B6%80%<b>EB%</b>9E%<b>91</b>-%<b>EB%</b>8B%A4%<b>EB%A</b>5%B4%<b>EB%</b>84%A4-%ED%87... <b>EB%</b><b>82%</b>A8<b>%EC%</b>95%84%<b>EB%</b>8F%84-%E6%96%87%<b>EB%</b>8C%80%ED%86%B5%<b>EB%A</b><b>0%</b>B9-<b>%EC%</b><b>A7%</b>80<b>%EC%</b>8B%9C%ED%95%98%<b>EB%A</b><b>9%</b>B4-%<b>EB%</b><b>9A%</b>9D%<b>EB%</b>94%B1/ar... 
47,집무실 이전 관련..윤석열 오늘 기자회견 ..,다운시프트..그 여유있는 삶을 꿈꾸며..,https://blog.naver.com/kyh070181,20220320,"https://map.naver.com/v5/search/<b>%EC%9A%A9%EC%82%B0%</b>20%EA%B5%AD%<b>EB%</b><b>B0%</b><b>A9%</b><b>EB%</b>B6%80/place/11620955?placePath=%3Fentry=pll%26from=nx%26fromNxList=true&amp;c=14134641.4610381,4514015.0150008,17,0,0,0,dha 2. 벙커 위치... "
48,"#내돈내산,달프로젝트,지구프로젝트,감성프로젝트,방안... ",먕이삼촌 KINGCAT.co.kr,https://blog.naver.com/i0046279,20211217,20%<b>EB%</b>B<b>9%</b><b>9B%</b>20%ED%96%89<b>%EC%</b>84%B1%20%<b>EB%A7%</b>A4<b>%EC%</b><b>A7%</b>81%20%<b>EB%</b>AC%B8%20<b>%EC%</b><b>A7%</b>80%EA%B5%AC%20%ED%94%84%<b>EB%A</b>1%9C<b>%EC%</b>A<b>0%</b>9D<b>%EC%</b>85%98%20LED%20%<b>EB%</b>9E%A8%ED%94%84%20360%20%C2%<b>B0%</b>20%ED%<b>9A%</b>8C<b>%EC%</b>A<b>0%</b>84%20USB%205V%203W%20<b>%EC%</b>95%84<b>%EC</b>... 
49,[최훈민 조선NS 기자 조선일보 기자 ] 김만배 녹음속 대화자... ,BOBBY AXELROD,https://blog.naver.com/smartmoney,20220308,https://ko.dict.naver.com/#/search?range=all&amp;<b>query=%EC%9A%A9%EC%</b>97%AD<b>%EC%</b><b>A7%</b>81 국어사전 다른 어학정보1 용역직... https://search.naver.com/search.naver?where=kdic&amp;<b>query=%EC%9A%A9%EC%</b>97%AD%<b>EB%</b>B<b>9%</b>84&amp;ie=utf8&amp;sm=tab_nmr... 
50,"서울예대 극작과 입시 ㅣ 실기 작문만 준비하고, 면접 준비는... ",The Fuxxing Apocalypse,https://vongmeanism.tistory.com/,20220215,https://www.dropbox.com/s/ud7lrgqh8eim9mo/<b>%EC%</b>84%9C<b>%EC%9A%</b>B8<b>%EC%</b>98%88%<b>EB%</b>8C%80%20%EA%B<b>7%</b>B<b>9%EC%</b>9E%<b>91</b>%EA%B3%BC%20<b>%EC%</b>8B%A4%EA%B8%<b>B0%</b>20<b>%EC%</b>9E%<b>91</b>%<b>EB%</b>AC%B8%20%ED%95%<b>A9%</b>EA%B2%<b>A9%</b>20%EA%B5%90%<b>EB%</b>B3%B8.pdf?dl= 서울예대 극작과 실기 작문 합격 교본.pdf Dropbox를 통해... 
51,택배박스나 opp봉투에 흰색잉크를 사용한 스탬프 샘플 제작... ,탬프잡스의 트로닷스탬프,https://blog.naver.com/lovek173,20220303,https://trodatstamp.co.kr/product/1254-%ED%8A%B8%<b>EB%A</b>1%9C%<b>EB%</b>8B%B7-%<b>EB%</b>B6%88%<b>EB%A</b><b>9%</b>B8<b>%EC%</b>9E%89%ED%81%AC-<b>%EC%</b>9E%90%<b>EB%</b>8F%99<b>%EC%</b>8<b>A%A</b>4%ED%83%AC%ED%94%84-<b>%EC%</b><b>82%B0%</b><b>EC%</b>97%85<b>%EC%9A%A</b>9-<b>%EC%</b>86%8D%EA%B1%B4/1254/category/1/display/3/ 오늘은 크라프트 박스나... 
52,발산역 삼겹살 금고깃집,한나의 행복,https://blog.naver.com/younoky2,20220113,pre&amp;fbm=1&amp;acr=3&amp;acq=%EA%B8%88%EA%B3%A<b>0%</b>EA%B<b>9%</b>83<b>%EC%</b><b>A7%91</b>&amp;qdt=0&amp;ie=utf8&amp;<b>query=%</b><b>EB%</b><b>B0%</b>9C<b>%EC%</b><b>82%B0%</b><b>EC%</b>97%AD+%EA%B8%88%EA%B3%A<b>0%</b>EA%B<b>9%</b>83<b>%EC%</b><b>A7%91</b> 정문 앞에서 바라본 발산역 삼겹살 금고깃집입니다. 발산역 삼겹살 금고깃집의 금 돼지인데요.... 
53,강아지 몸보신 강아지 건강간식 닥터독 황태탕으로 챙겨줘요,개둘엄마의 노은밀한 생활,https://blog.naver.com/smys501,20211231,:) https://okdoctordog.com/product/%<b>EB%</b>B3%B4<b>%EC%</b>96%<b>91</b><b>%EC%</b>8B%9D-<b>%EC%</b>A<b>0%</b>84%<b>EB%</b>B3%B5<b>%EC%</b><b>82%</b>BC%EA%B3%84%ED%83%95-1<b>%EC%</b>84%B8%ED%8A%B8110g-x-<b>7%</b>EA%<b>B0%</b>9C<b>%EC%</b>9E%85/484/category/266/display/1/ 강아지 건강간식으로 건강하고 맛있게 챙겨줘보아요! https... 
54,방역패스 푸틴패스? 원전패스?,서울토박이,https://blog.naver.com/echoxy,20220301,경고 | 에포크타임스 https://kr-mb.theepochtimes.com/%e<b>7%</b>be%8e-%<b>eb%</b>8f%85%ea%b<b>7%</b>b<b>9%</b><b>eb%</b>ac%bc<b>%ec%</b>84%bc%ed%84%b0-<b>%ec%</b>bd%94%<b>eb%a</b>1%9c%<b>eb%</b><b>82%</b>98-<b>%ec%</b>9e%90%ea%<b>b0%</b>80<b>%ec%</b><b>a7%</b>84%<b>eb%</b>8b%a8%ed%<b>82%</b>a4%ed%8a%b8-<b>%ec%</b>9c%a<b>0%eb%</b>8f%85<b>%ec%</b>84%b1... 
55,호랑이 그림@제43회 마이아트옥션,chatelain님의 블로그,https://blog.naver.com/chatelain,20220214,com/%ED%99%94<b>%EC%</b>A<b>0%</b>9C<b>%EC%</b>9D%98-%E8%AB%96%E8%80%83-<b>%EC%</b>A1%<b>B0%</b><b>EC%</b>84%A<b>0%</b><b>EC%</b>A4%<b>91</b>%C2%B<b>7%</b>ED%<b>9B%</b>84%EA%B8%B0-%ED%98%B8%ED%<b>91</b>%9C%<b>EB%</b>8F%84<b>%EC%</b>83%81%EA%B3%BC-%ED%98%B8%<b>EB%</b>9E%<b>91</b><b>%EC%</b>9D%B4-%EA%B<b>7%</b>B8%<b>EB%A</b>6%BC/ ■ 마군후(馬君厚) 본관은 장흥... 
56,"[김보연 저서6]우리, 영화 좀 찍어요!",김보연의 기록적인삶(힐링공간 이음),https://blog.naver.com/ein30,20220304,D<b>7%</b>C<b>0%</b>CC%B<b>9%</b>F6_PC_PCS&amp;utm_medium=%<b>B0%</b>A1%<b>B0%</b>DD%BA%F1%B1%B3 쿠팡 https://www.coupang.com/vp/products/6346677089?itemId=13337929176&amp;vendorItemId=80593382269&amp;q=<b>%EC%9A%</b><b>B0%EB%A</b>6%AC+<b>%EC%</b>98%81%ED%99%94+<b>%EC%</b>A2%80&amp;itemsCount=2&amp;searchId... 
57,&lt;나사랑 프로젝트&gt;_간절히 원하고 최선을 다하라(feat. 파올로... ,"'새.여.자'의 10년 꿈 기록방, DREAM IS HERE!!",https://blog.naver.com/simji78,20220129,https://www.m-letter.or.kr/post-cont/%EA%<b>B0%</b>84<b>%EC%</b>A<b>0%</b>88%ED%9E%88-<b>%EC%</b><b>9B%</b>90%ED%95%98%<b>EB%A</b><b>9%</b>B4-<b>%EC%</b>98%A8-<b>%EC%9A%</b><b>B0%</b><b>EC%</b>A3%BC%EA%<b>B0%</b>80-%<b>EB%</b>8B%B<b>9%EC%</b>8B%A<b>0%</b><b>EC%</b>9D%84-%<b>EB%</b>8F%95%<b>EB%</b>8A%94%<b>EB%</b>8B%A4/ &lt;&gt; &lt; &gt; &lt; &gt;&lt;&gt; &lt; &gt; &lt;&gt; 무언가를 간절히 원하면 온 우주가... 
58,현대 캐스퍼 계약 결제 탁송 썬팅 후기 - 소소한 캐스퍼 용품... ,디카쟁이가 보는 세상,https://blog.naver.com/slamlove,20220317,D<b>7%</b>C<b>0%</b>CC%B<b>9%</b>F6pc_%<b>B0%</b>A1%<b>B0%</b>DD%BA%F1%B1%B3%B1%E2%BA%BB&amp;utm_source=%B3%D<b>7%</b>C<b>0%</b>CC%B<b>9%</b>F6_PC_PCS&amp;utm_medium=%<b>B0%</b>A1%<b>B0%</b>DD%BA... npla&amp;<b>query=%</b>ED%95%98<b>%EC%</b>9D%B4%ED%8C%A8<b>%EC%</b>8<b>A%A</b>4%ED%83%9C<b>%EC%</b>96%<b>91</b>%EA%B4%<b>91</b>&amp;n_keyword=&amp;n_rank=1&amp;n_<b>query=%</b>ED%95%98<b>%EC</b>... 
59,"로보티즈 다이나믹셀 쉴드 (DYNAMIXEL Shield, ROBOTIS)",간절히 바라면 이루어 진다.,https://fermium.tistory.com/,20220119,https://emanual.robotis.com/docs/kr/parts/interface/dynamixel_shield/#<b>%EC%</b>8B%9C%<b>EB%A</b>6%AC<b>%EC%</b>96%BC-%<b>EB%</b>AA%A8%<b>EB%</b>8B%88%ED%84%B0-<b>%EC%</b><b>82%</b>AC<b>%EC%9A%A</b>9-%<b>EB%</b><b>B0%</b><b>A9%</b><b>EB%</b>B2%95 개요 emanual.robotis.com 처음에는 무턱대고 해 보니 잘 안되길래 왜... 
60,간편하게 토마토 모짜렐라 샐러드 만들어 먹어요,행복 시작! 스마일리 플러스 :),https://blog.naver.com/smileyplus,20220303,itemId=1000035113478&amp;siteNo=6002&amp;salestrNo=2153&amp;tlidSrchWd=%EA%<b>B0%</b>88%<b>EB%</b><b>B0%</b>94%<b>EB%</b>8B%88%ED%<b>9B%</b>84%<b>EB%A</b><b>0%</b>88<b>%EC%</b>89%AC%<b>EB%</b>AA%A8<b>%EC%</b><b>A7%</b>9C%<b>EB%A</b><b>0%</b>90%<b>EB%</b>9D%BC<b>%EC%</b>B<b>9%</b>98<b>%EC%</b>A6%88&amp;srchPgNo=1&amp;src_area=elist 마트에서 판매하는 토마토 한 상자에 치즈 3개... 
61,이스라엘 사람들 이야기 &quot;Meet Israeli 시리즈&quot; -Pt.2,한국안의 이스라엘,https://blog.naver.com/embisrael,20220221,<b>a</b> device that can detect diseases from exhaled breath. 관련기사: https://www.sciencetimes.co.kr/?news=<b>%EC%</b>88%A8%<b>EB%A7%</b>8C-<b>%EC%</b>89%AC<b>%EC%</b>96%B4%<b>EB%</b>8F%84-17%EA%<b>B0%</b>9C-<b>%EC%</b><b>A7%</b>88%<b>EB%</b>B3%<b>91</b>-<b>%EC%</b><b>B0%</b>BE<b>%EC%</b>95%84%<b>EB%</b><b>82%B</b>8%<b>EB%</b>8B... 
62,"[Snowboard] 스노보드 옷, 잘 사고 싶다 (걸스몰, 원에잇... ",Calcutta Style,https://blog.naver.com/calcuttai,20220209,<b>EB%</b><b>82%</b>A8%<b>EB%</b>85%80%EA%B3%B5<b>%EC%9A%A9%</b>EA%B3%A<b>0%</b><b>EC%</b>96%B4%ED%85%8D<b>%EC%</b>8<b>A%A</b>4/89375/category/4024/display... kr/product/2122-l1<b>%EC%</b>97%98<b>%EC%</b><b>9B%</b>90-<b>%EC%</b>97%AC<b>%EC%</b>84%B1-%ED%95%98%ED%8A%B8%<b>EB%</b>B8%8C%<b>EB%A</b><b>0%</b>88<b>%EC%</b>9D%B4... 
63,"하바네라와 박지윤 달빛의 노래 일부분, 목소리 이중주 영상... ",재은 블로그,https://blog.naver.com/rheims,20220215,"영상에 나오는 박지윤, 달빛의 노래가 궁금하시다면~ https://m.search.naver.com/search.naver?where=m_video&amp;sm=mtb_jum&amp;<b>query=%</b><b>EB%</b><b>B0%</b>95<b>%EC%</b><b>A7%</b>80<b>%EC%</b>9C%A4+%<b>EB%</b>8B%AC%<b>EB%</b>B<b>9%</b><b>9B%EC%</b>9D%98%<b>EB%</b>85%B8%<b>EB%</b>9E%98 아래 영상은 저 목소리-이중주... "
64,유아페이스로션은 마렌비 꽁블랑로션!,시에나의 아뜰리에,https://blog.naver.com/blulove1052,20220118,http://m.malenb.co.kr/product/01<b>%EC%</b><b>9B%</b>94-%EA%B8%<b>B0%</b>ED%<b>9A%</b>8D<b>%EC%</b>A<b>0%</b>84-%<b>EB%A7%</b>88%<b>EB%A</b><b>0%</b>8C%<b>EB%</b>B<b>9%</b>84-%EA%BD%81%<b>EB%</b>B8%94%<b>EB%</b>9E%<b>91</b>-%<b>EB%A</b>1%9C<b>%EC%</b>85%98-300ml-<b>%EC%</b>A6%9D<b>%EC%</b>A<b>0%</b>95-%<b>EB%</b>AA%A8<b>%EC%</b>9D%B4<b>%EC%</b>8<b>A%A</b>4<b>%EC%</b>B2%98%<b>EB%</b><b>B0%</b>A4-10ml/189/category/1/display/2... 
65,제20대 대통령 선거결과  윤석열후보 당선,한솔의 등산-여행-사진 블로그,https://blog.naver.com/kelee123,20220310,2022.03.08 23시현재 14.15%의 개표율일때 이재명 50.1% vs 윤석열 46.<b>7%</b>로 출구조사 예측치와는 달리... where=m&amp;sm=mtb_etc&amp;<b>query=%EC%</b>A<b>0%</b>9C20%<b>EB%</b>8C%80%20%<b>EB%</b>8C%80%ED%86%B5%<b>EB%A</b><b>0%</b>B<b>9%EC%</b>84%A<b>0%</b>EA%B1%<b>B0%</b>20%EA%<b>B0%</b>9C%ED%<b>91</b>%9C%ED%98%84%ED%99... 
66,겨울철 난방기기 사고 예방과 난방비 절약 TIP!,건강보험심사평가원 공식 블로그,https://blog.naver.com/ok_hira,20211214,file:///C:/Users/82109/Downloads/%EA%B2%A8<b>%EC%9A%</b>B8<b>%EC%</b>B2%A<b>0%</b>20%<b>EB%</b><b>82%</b>9C%<b>EB%</b><b>B0%</b><b>A9%EC%</b><b>9A%A9%</b>ED%92%88%20<b>%EC%</b>95%88<b>%EC%</b>A<b>0%</b>84%<b>EB%A7%</b>A4%<b>EB%</b>89%B4<b>%EC%</b>96%BC.pdf 질병관리본부 https://www.kdca.go.kr/gallery.es?mid=a20509000000&amp;bid=0007&amp;<b>b</b>_list=9&amp;act=view&amp;list_no... 
67,"전자레인지 치즈 토마토스프, 초간단 아침식사 메뉴 토마토 요리",맑음의 맛있는 수다,https://blog.naver.com/ju33423,20220211,"구입은,,, https://www.danpoongmall.kr/product/%ea%<b>b0%</b>80<b>%ec%</b>a<b>0%</b>95<b>%ec%9a%a</b>9-%ed%86%a<b>0%eb%a7%</b>88%ed%86%a05kg<b>%ec%</b>a4%<b>91</b>%ea%b3%bc/ 산 좋고 물 좋은 아름다운 내장산과 유네스코 세계문화유산 무성서원이 있는 정읍의 단풍미인쇼핑몰입니다.... "
68,전쟁과 경제 분석(수정),따뜻한 노후를 위해…,https://blog.naver.com/dbsgid0209,20220224,com/m/entry/%<b>EB%</b>8B%A8%EA%B8%B0-%<b>EB%</b><b>B0%</b>94%<b>EB%</b>8B%A5-<b>%EC%</b>8B%9C%EA%B<b>7%</b>B8%<b>EB%</b>84%90%<b>EB%A7%</b>8C-%<b>EB%</b><b>82%</b>98<b>%EC%</b>98%A4%<b>EB%A</b><b>9%</b>B4-5%<b>EB</b>... A5<b>%EC%</b>95%85%ED%95%B4<b>%EC%</b>84%9C-%<b>EB%</b>AF%B8%<b>EB%</b>8A%94-<b>%EC%</b>A4%<b>91</b> 위의 얘긴 크립토(코인) 얘기임 다들 증시하락... 
69,코로나19 환자 치료를 방해한 비열한 정치적 결정을 비판하는... ,Ozone Therapy(오존 의학),https://blog.naver.com/goodozone,20220105,https://kr.theepochtimes.com/atl-%ED%94%BC%ED%84%B0-%<b>EB%A7%</b>A5<b>%EC%</b>BC%88%<b>EB%</b>9F%AC-%<b>EB%</b><b>B0%</b>95<b>%EC%</b><b>82%</b>AC-%E<b>7%</b>BE%8E-<b>%EC%</b>9D%98%<b>EB%A</b>3%8C%EA%B3%84-covid-<b>%EC%</b>B<b>9%</b>98%<b>EB%A</b>3%8C<b>%EC%</b>97%90-<b>%EC%</b>86%8C%EA%B<b>7%</b>B<b>9%EC%</b>A<b>0%</b>81<b>%EC%</b>9D%B8-<b>%EC%</b>9D%B4_604239.html
70,[종로구립어르신합창단] 일반단원(남성) 모집 안내,종로문화재단 블로그,https://blog.naver.com/jn_jfac,20220322,A5%B4<b>%EC%</b>8B%A0-<b>%EC%</b>9D%BC%<b>EB%</b><b>B0%</b>98-<b>%EC%</b>A2%85%<b>EB%A</b>1%9C%EA%B5%AC%<b>EB%A</b>6%BD<b>%EC%</b>96%B4%<b>EB%A</b>5%B4<b>%EC%</b>8B%A<b>0%</b>ED%95%<b>A9%EC%</b><b>B0%</b>BD%<b>EB%</b>8B%A8-<b>%EC%</b>9D%BC%<b>EB%</b><b>B0%</b>98%<b>EB%</b>8B%A8<b>%EC%</b><b>9B%</b>90-%<b>EB%</b><b>82%</b>A8<b>%EC%</b>9E%90-%<b>EB%</b>AA%A8<b>%EC%</b><b>A7%91</b>%EA%B3%B5%EA%B3%A0
71,"쑥갓무침, 잣과 두부를 넣은 집반찬 두부쑥갓무침 요리",맑음의 맛있는 수다,https://blog.naver.com/ju33423,20211127,"^^ #정읍 #단풍미인쇼핑몰 에서 두승산콩마을 두부 주문은,,, https://www.danpoongmall.kr/product/%<b>eb%</b><b>91</b>%90<b>%ec%</b>8a%b<b>9%ec%82%b0%</b><b>ec%</b>bd%<b>a9%</b><b>eb%a7%</b>88<b>%ec%</b>9d%84-%<b>eb%</b><b>91</b>%90%<b>eb%</b>b6%804%ed%8c%a9/ 산 좋고 물 좋은 아름다운 내장산과 유네스코... "
72,"화이자 FDA승인 문건 공개, 코로나 백신 부작용",다재다능 매력 린,https://blog.naver.com/mychoice00,20220314,https://kr-mb.theepochtimes.com/%e<b>7%</b>be%8e-fda-%ed%99%94<b>%ec%</b>9d%b4<b>%ec%</b>9e%90-%<b>eb%</b><b>b0%</b>b1<b>%ec%</b>8b%a0-<b>%ec%</b>8a%b<b>9%ec%</b>9d%b8%<b>eb%</b>ac%b8%ea%b1%b4-<b>%ec%</b>b2%ab-%ea%b3%b5%ea%<b>b0%</b>9c-%<b>eb%</b>b6%80<b>%ec%</b>9e%<b>91</b><b>%ec%9a%a</b>9-1200<b>%ec%</b>a2%85_611234.html?utm... 
73,신혼 매트리스를 구입하는 것은 중요한 결정입니다.,롱앤와인딩로드,https://blog.naver.com/juni-hoya,20220312,kr/product/<b>%EC%</b> 8A%AC%<b>EB%A</b>6% BD%ED% 8E%98% <b>EB%</b>94% 95-%<b>EB%</b>B8% 94% <b>EB%</b> 9E%99<b>% EC%</b>97% 90% <b>EB%</b>94% 94<b>% EC%</b>85% 98-<b>%EC%</b>B<b>9%</b> BC%<b>EB%A</b>6% AC... https://www.sleeponmattress.co.kr/product/breathe-%<b>EB%</b>B8% 8C%<b>EB%A</b>6% AC%<b>EB%</b>93% 9C-%ED%95% 84% <b>EB%A</b>1% 9C<b>%EC% 9A%</b><b>B0%</b> ED%83% <b>91</b>-%<b>EB%A7%</b> A4... 
74,이사를 가야 하려나봐요?,런던으로간 개발자,https://blog.naver.com/ddduuu12,20220306,https://namu.wiki/w/%<b>EB%</b>9F%<b>B0%EB%</b>8D%98%20%EA%B<b>7%</b>B8%<b>EB%A</b><b>0%</b>8C%ED%8E%A<b>0%</b>20%ED%83%80<b>%EC%</b><b>9B%</b>8C%20%ED%99%94<b>%EC%</b>9E%AC<b>%EC%</b><b>82%</b>AC%EA%B3%A0 영국에 있는 것 치고는 굉장히 빠르게 펀딩이 조성되고 다들 빠릿빠릿하게 움직이길래 이유가 뭔가... 
75,이건 진짜 내가 아끼는 애들인데.(취향존중+),하이매의 공간 공간 공간,https://blog.naver.com/may2econd,20211221,kr/product/<b>%EC%</b>B<b>9%</b>B4<b>%EC%</b><b>A7%</b>80%<b>EB%</b>AF%B8%<b>EB%A</b>5%B4%<b>EB%A7%</b>90%<b>EB%A</b><b>0%</b>88%<b>EB%</b>B<b>9%</b>84<b>%EC%</b>B<b>9%</b>98-black-and-white-50-x-70-cm<b>%EC%</b>A3%BC%<b>EB%</b>AC%B8-%ED%<b>9B%</b>84-1%EA%<b>B0%</b>9C<b>%EC%</b><b>9B%</b>94-<b>%EC%</b>86%8C<b>%EC%9A%</b>94/234/category/24/display/1/ 영상으로 만나보기! https... 
76,[펌] 신천지_국짐_굿짐_가지가지_대한민국파먹고있나... ,미냥이 사시야 잘지내? 보고싶네...,https://blog.naver.com/mither119,20220216,kr/news/5707153_%EA%B5%AD%ED%9E%98-<b>%EC%</b>8B%A<b>0%</b><b>EC%</b>B2%9C<b>%EC%</b><b>A7%</b>80<b>%EC%</b>99%80-%EA%<b>B0%</b>99<b>%EC%</b>9D%80-%EA%B1%B4%<b>EB%</b>AC%BC<b>%EC%</b>84%9C-%<b>EB%</b>8B%B<b>9%EC%</b><b>9B%</b>90-%<b>EB%</b>AA%A8<b>%EC%</b><b>A7%91</b>-<b>%EC%</b>A<b>0%</b>95%ED%99%A9 신천지 사람들만 다닐 3개층의... 
77,지금은 나이키 운동화 - 에어포스1 시대,제인 블로그,https://blog.naver.com/jayuyu,20211119,kr/2018/11/02/%<b>EB%</b>8B%B<b>9%EC%</b>8B%A<b>0%</b><b>EC%</b>9D%B4-%<b>EB%</b>AA%<b>B0%EB%</b>9E%90%<b>EB%</b>8D%98-<b>%EC%</b>97%90<b>%EC%</b>96%B4-%ED%8F%AC<b>%EC%</b>8<b>A%A</b>4-<b>%EC%</b><b>9B%</b>90<b>%EC%</b>97%90-%<b>EB%</b>8C%80%ED%95%9C-10%EA%<b>B0%</b>80<b>%EC%</b><b>A7%</b>80-<b>%EC%</b><b>82%</b>AC<b>%EC%</b>8B%A4/ * visla - nike air force 1 visual history https... 
78,[나주 블라인드] 힐데스하임_안방에 내추럴 콤비 그레이로... ,하늘지붕 ; 감각적인 홈패브릭,https://blog.naver.com/skyroofstyle,20220311,"등등, 하나의 블라인드가 만들어지기까지 부품 하나하나가 평생 <b>a</b>/s 없을 정도로 든든한... kr/product/<b>%EC%</b>BD%A4%<b>EB%</b>B<b>9%</b>84%<b>EB%</b>B8%94%<b>EB%</b>9D%BC<b>%EC%</b>9D%B8%<b>EB%</b>93%9C%<b>EB%</b><b>82%B</b>4<b>%EC%</b>B8%84%<b>EB%</b>9F%B4<b>%EC%9A%</b><b>B0%EB%</b>94%94/649/category/96... "
79,"토마토 오이무침, 산뜻하게 입맛 돋는 토마토 요리",맑음의 맛있는 수다,https://blog.naver.com/ju33423,20220209,"오늘 토마토 오이무침에 사용한 평산농원 가정용 토마토 5kg 중과 구입은,,, https://www.danpoongmall.kr/product/%ea%<b>b0%</b>80<b>%ec%</b>a<b>0%</b>95<b>%ec%9a%a</b>9-%ed%86%a<b>0%eb%a7%</b>88%ed%86%a05kg<b>%ec%</b>a4%<b>91</b>%ea%b3%bc/ 산 좋고 물 좋은 아름다운 내장산과... "
80,원도우 스크린 캡쳐  (window 보조프로그램- 캡쳐 도구),Hyungs Blog,https://blog.naver.com/eros1092,20220211,관련글&gt;&gt; https://support.microsoft.com/ko-kr/windows/<b>%EC%</b>BA%A1<b>%EC%</b>B2%98-%<b>EB%</b>8F%84%EA%B5%AC%<b>EB%A</b>5%BC-<b>%EC%</b><b>82%</b>AC<b>%EC%9A%A9%</b>ED%95%98<b>%EC%</b>97%AC-<b>%EC%</b>8<b>A%A</b>4%ED%81%AC%<b>EB%A</b>6%<b>B0%</b><b>EC%</b>83%B7-<b>%EC%</b>BA%A1<b>%EC%</b>B2%98-00246869-1843-655f-f220-97299b865f6b
81,말하는법 : 오늘 VS 중세,무르 의 공방,https://blog.naver.com/knock001,20220302,org/wiki/%ED%<b>91</b>%B8%<b>EB%A</b>3%A8<b>%EC%</b>83%A4 힘 [권력] 의 본질은 일 [권한] 이고 자신을 위한 바를 일이라 하지... https://wordrow.kr/%ED%95%9C<b>%EC%</b>9E%90/%E5%90%<b>9B%</b>E5%B8%AB%E<b>7%</b>88%B6%E4%B8%80%E<b>9%</b>AB%94-%EA%B5%<b>B0%</b><b>EC%</b><b>82%</b>AC%<b>EB%</b>B6%80<b>%EC%</b>9D%BC<b>%EC%</b>B2... 
82,시민 의 한계,무르 의 공방,https://blog.naver.com/knock001,20220321,VR=0&amp;VL=40&amp;CN=12&amp;PN=34&amp;CV=99&amp;KY=%b5%b6%bb%e<b>7%</b>c<b>0%</b>c7+%c<b>0%</b>da%bd%c4%b5%e<b>9%</b>be%c6+&amp;SS=0&amp;GB=1#<b>b</b>_031 예수님은 당시 쓰레기에... https://namu.wiki/w/%EA%<b>B0%</b>95%<b>EB%A</b>6%89%20%<b>EB%</b>AC%B4<b>%EC%</b>9E%A5%EA%B3%B5%<b>EB%</b>B<b>9%</b>84%20<b>%EC%</b>B<b>9%</b>A8%ED%88%AC<b>%EC%</b><b>82%</b>AC%EA%B1%B4 하지만... 
83,코로나 자가격리 지원금,경제적 자유로,https://blog.naver.com/dbflalrh,20211202,kr/data/board/Covid19/210226_<b>%EC%</b><b>A7%</b>88%<b>EB%</b>B3%<b>91</b><b>%EC%</b>B2%AD_<b>%EC%</b>BD%94%<b>EB%A</b>1%9C%<b>EB%</b><b>82%</b>98%<b>EB%</b><b>B0%</b>94<b>%EC%</b>9D%B4%<b>EB%</b>9F%AC<b>%EC%</b>8<b>A%A</b>4%EA%<b>B0%</b>90<b>%EC%</b>97%BC<b>%EC%</b>A6%9D-19_<b>%EC%</b><b>82%</b>AC%<b>EB%A7%</b>9D<b>%EC%</b>9E%90_<b>%EC%</b>9E%A5%<b>EB%A</b>1%80%<b>EB%</b>B<b>9%</b>84<b>%EC%9A%A</b>9_<b>%EC%</b><b>A7%</b>80<b>%EC%</b><b>9B%</b>90_<b>%EC%</b>95%88%<b>EB%</b><b>82%B</b>4_<b>%EC</b>... 
84,우 右 VS 동 東,무르 의 공방,https://blog.naver.com/knock001,20220210,"들어가며 https://namu.wiki/w/%<b>EB%</b>8D%<b>B0%</b>ED%97%B7 우리는 우 右 [오른 우] 가 있으면, 좌 左 [왼 좌] 가 있다고... 하본기, 사기, 사마천, https://ko.wikisource.org/wiki/%<b>EB%</b>B2%88<b>%EC%</b>97%AD:<b>%EC%</b><b>82%</b>AC%EA%B8%B0/%EA%B6%8C002 상속남은 자기... "
85,[콜라겐추천] 저분자콜라겐+비타민C / 디에트데이 새콤달콤... ,*트랄랄라 보란이*,https://blog.naver.com/0601bora,20220225,kr/product/<b>%EC%</b>B4%88-<b>%EC%</b>A<b>0%</b>80%<b>EB%</b>B6%84<b>%EC%</b>9E%90-%ED%94%BC<b>%EC%</b>89%AC-%<b>EB%</b>94%94<b>%EC%</b>97%90%ED%8A%B8-<b>%EC%</b>BD%9C%<b>EB%</b>9D%BC%EA%B2%90-31%<b>EB%</b><b>B0%</b>95<b>%EC%</b>8<b>A%A</b>4-<b>%EC%</b>84%B8%<b>EB%</b>B8%90%<b>EB%</b>B2%A<b>0%EB%A</b>6%AC%<b>EB%</b>AF%B<b>9%EC%</b>8<b>A%A</b>4%<b>EB%A7%9B</b>/30/category/44/display/1/
86,높은 커버력 하퍼스바자 로얄스타쿠션 어드밴스트 스킨 핏... ,하트쉐이크의 블로그,https://blog.naver.com/you04041004,20220219,kr/product/%ED%95%98%ED%8D%BC<b>%EC%</b>8<b>A%A</b>4-%<b>EB%</b><b>B0%</b>94<b>%EC%</b>9E%90-<b>%EC%</b>BD%94<b>%EC%</b>8<b>A%A</b>4%<b>EB%A</b><b>9%</b>94%ED%8B%B1-%<b>EB%A</b>1%9C<b>%EC%</b>96%84<b>%EC%</b>8<b>A%A</b>4%ED%83%80<b>%EC%</b>BF%A<b>0%</b><b>EC%</b>85%98-<b>%EC%</b>96%B4%<b>EB%</b>93%9C%<b>EB%</b><b>B0%</b>B4<b>%EC%</b>8<b>A%A</b>4%<b>EB%</b>93%9C-<b>%EC%</b>8<b>A%A</b>4%ED%<b>82%</b>A8-%ED%95%8F-<b>%EC%</b>BF%A<b>0%</b><b>EC%</b>85%98-%ED%8C%8C<b>%EC%9A%</b>B4... 
87,공산주의 VS 사회주의,무르 의 공방,https://blog.naver.com/knock001,20220221,https://ko.wikipedia.org/wiki/2021%<b>EB%</b>85%84_%<b>EB%</b>8F%85<b>%EC%</b>9D%BC_<b>%EC%</b>97%<b>B0%EB%</b><b>B0%</b><b>A9%EC%</b>9D%98%ED%<b>9A%</b>8C_<b>%EC%</b>84%A<b>0%</b>EA%B1... where=nexearch&amp;sm=top_hty&amp;fbm=0&amp;ie=utf8&amp;<b>query=%</b>E<b>7%</b>A4%BE 사 社 [모일 사] 는 &lt;모이다&gt; 란 뜻오 있지만... 
88,Gliricidia,봉그레의 마음이 머무는 곳,https://blog.naver.com/daedukhang,20220312,사텐다르 사진제공 사텐다르 사진제공 한국의 복사꽃을 연상시키는 분홍색 꽃무리 http://woodcare.co.kr/<b>%EC%</b>84%B8%EA%B3%84<b>%EC%</b>9D%98-<b>%EC%</b>9C%A<b>0%</b><b>EC%9A%A9%EC%</b>8B%9D%<b>EB%</b>AC%BC<b>%EC%</b>9E%90<b>%EC%</b><b>9B%</b>90-<b>%EC%</b>9D%B4<b>%EC%</b>95... 
89,[일상] 내과 박원장 협찬에???? 미시간이????,Now in Michigan,https://blog.naver.com/sasa247,20220228,https://www.ondemandkorea.com/dr-parks-clinic-e1.html?from_collection_name=Other%20Episode%3A%<b>EB%</b><b>82%B</b>4%EA%B3%BC%20%<b>EB%</b><b>B0%</b>95<b>%EC%</b><b>9B%</b>90<b>%EC%</b>9E%A5%20%3A%2012%ED%<b>9A%</b>8C 어??? 저건 ?? 익숙한 저것은??? 긴가 민가 했는데 아들들이 계속... 
90,"[광주커튼/나주커튼] 트렌디한, 딥 그린 빛 컬러 커튼의 하우스!",하늘지붕 ; 감각적인 홈패브릭,https://blog.naver.com/skyroofstyle,20220211,kr/product/ty<b>%EC%</b>97%90<b>%EC%</b>BD%94<b>%EC%</b><b>82%</b>AC%EA%B3%84<b>%EC%</b>A<b>0%</b>88-<b>%EC%</b>BB%A4%ED%8A%BC%<b>EB%</b>B2%A<b>0%</b><b>EC%</b>9D%B4<b>%EC%</b><b>A7%</b>80%ED%95%<b>91</b>%ED%81%AC-%ED%94%BC%ED%86%A4<b>%EC%</b>B<b>9%</b>98%<b>EB%</b>93%9C-%ED%95%AD%EA%B<b>7%</b>A0-<b>%EC%</b>BB%A4%ED%8A%BC/917/category/94/display/1/ http... 
91,"[9월패키지 예약주문] 알로나풀오버, 아델라 풀오버... ",나무의 니팅 실험실,https://blog.naver.com/ehtory,20210908,<b>EB%</b><b>82%</b>98%ED%92%80<b>%EC%</b>98%A4%<b>EB%</b>B2%84<b>%EC%</b><b>9B%</b>8C%ED%81%AC%<b>EB%</b>B6%81/716/category/66/display/1/ http://knitree.com/product/aran%ED%83%<b>91</b>%<b>EB%</b>8B%A4<b>%EC%9A%</b>B4<b>%EC%</b>8<b>A%A</b>4<b>%EC%</b><b>9B%</b>A8%ED%84%<b>B0%EB%</b>8F%84<b>%EC%</b>95%88<b>%EC%</b><b>A7%91</b>/679... 
92,빛가람동커튼 [부영3차] 라이프 스타일에 맞게 감각적인 커튼... ,하늘지붕 ; 감각적인 홈패브릭,https://blog.naver.com/skyroofstyle,20220128,90%<b>EB%</b>9D%BC/927/category/94/display/1/ http://skyroof.co.kr/product/<b>%EC%</b>BD%A4%<b>EB%</b>B<b>9%</b>84%<b>EB%</b>B8%94%<b>EB%</b>9D%BC<b>%EC%</b>9D%B8%<b>EB%</b>93%9C%<b>EB%</b><b>82%B</b>4<b>%EC%</b>B8%84%<b>EB%</b>9F%B4<b>%EC%9A%</b><b>B0%EB%</b>94%94/649/category/96/display/1/ http://skyroof.co.kr/product/%ED%95%98%<b>EB%</b>8A%98<b>%EC%</b><b>A7%</b>80%<b>EB</b>... 
93,레고랜드 1st to play 패스권 사전예약 시작!!,새콤달콤 쇼니네,https://blog.naver.com/engange,20220225,### 사전예약 바로가기 ### https://www.legoland.kr/<b>%EC%</b>9D%B4<b>%EC%9A%A9%</b>EA%B6%8C/preview-reservation-notice/?utm... kr/preview-faq/#%ED%94%84%<b>EB%A</b>6%AC%<b>EB%</b>B<b>7%</b><b>B0%EB%</b>8D%<b>B0%</b><b>EC%</b>9D%B4%<b>EB%</b>8A%94-%<b>EB%</b>AC%B4<b>%EC%</b>97%87<b>%EC%</b>9D%B8%EA%<b>B0%</b>80<b>%EC%9A%</b>94... 
94,파이썬 python - 2022년 국가공휴일 공공데이터포털... ,심재운 블로그,https://aspdotnet.tistory.com/,20220124,"weekday() return r[bday]def get_request_<b>query</b>(url, operation, params, serviceKey): import urllib.parse... <b>EB%</b><b>82%</b>A<b>0%</b><b>EC%</b><b>A7%</b>9C%<b>EB%A</b>5%BC-<b>%EC%</b>9E%85%<b>EB%A</b><b>0%</b>A5%ED%95%98%<b>EB%A</b><b>9%</b>B4-<b>%EC%9A%</b>94<b>%EC%</b>9D%BC<b>%EC%</b>9D%84-<b>%EC%</b>95%8C... "
95,엔비디아 GTC(GPU Technology Conference) 행사 초청,고든의 블로그,https://blog.naver.com/jjy0501,20220228,https://developer.nvidia.com/ko-kr/blog/3<b>%ec%</b><b>9b%</b>94-gtc<b>%ec%</b>97%90<b>%ec%</b>84%9c%<b>eb%a7%</b>8c-%<b>eb%a7%</b>8c%<b>eb%</b><b>82%</b>a0-<b>%ec%</b>88%98-<b>%ec%</b>9e%88%<b>eb%</b>8a%94-%ed%95%9c%ea%b5%ad-<b>%ec%</b>a3%bc<b>%ec%9a%</b>94-<b>%ec%</b>84%b8<b>%ec%</b>85%98<b>%ec%</b>9d%80/ 이번 GTC에서는 뭘 들고 나올지... 
96,[ 춘천 바이크탑 ] 브룩스 스캐이프 가방을 브롬톤에 장착하기.,춘천 바이크탑,https://blog.naver.com/batop2008,20220219,^^ http://www.biketop.co.kr/product/<b>%EC%</b>8B%A<b>0%EB%</b><b>82%</b>98<b>%EC%</b><b>A7%</b>80-<b>%EC%</b>BA%90%<b>EB%A</b>6%AC<b>%EC%</b>96%B4%<b>EB%</b>B8%94%<b>EB%</b>9F%AD-<b>%EC%</b>95%84%<b>EB%</b>8B... http://www.biketop.co.kr/product/%<b>EB%</b>B8%8C%<b>EB%A</b>3%<b>A9%EC%</b>8<b>A%A</b>4-<b>%EC%</b>8<b>A%A</b>4<b>%EC%</b>BA%90<b>%EC%</b>9D%B4%ED%94%84-%ED%95%B8%<b>EB%</b>93%A4%<b>EB%</b><b>B0%</b>94... 
97,<b>91</b>%20<b>%EC%</b>9D%98%ED%98%B<b>9%</b>3F... EA%B8%88<b>%EC%</b><b>B0%</b>BE%<b>EB%</b><b>82%</b>98%20,내 멋대로 살자 ♥,https://blog.naver.com/aquos103,20161227,#yonhap %ED%94%BC%EA%B2%A8%20<b>%EC%</b>86%8C%ED%8A%B8%<b>EB%</b>8B%88<b>%EC%</b>BD%94%<b>EB%</b><b>B0%</b>94%<b>EB%</b>8F%84%20%<b>EB%</b>8F%84%ED%95%<b>91</b>%20<b>%EC%</b>9D%98%ED%98%B<b>9%</b>3F%20%EA%B<b>9%</b>80<b>%EC%</b>97%<b>B0%</b><b>EC%</b>95%84%20%EA%B8%88<b>%EC%</b><b>B0%</b>BE%<b>EB%</b><b>82%</b>98%20 연합뉴스는 새로운 시대에... 
98,2022년 첫번째 1월 패키지 오픈합니다.,나무의 니팅 실험실,https://blog.naver.com/ehtory,20220103,94%<b>EB%</b>9E%AD%ED%<b>82%B</b>7/735/category/67/display/1/ http://knitree.com/product/%EA%B<b>7%</b>B8%<b>EB%</b>9E%98%<b>EB%</b>8B%88%<b>EB%</b><b>B0%</b>94%<b>EB%</b>9D%BC%ED%81%B4%<b>EB%</b>9D%BC%<b>EB%</b><b>B0%</b>94/736/category/67/display/1/ http://knitree.com/product/<b>%EC%</b><b>9B%</b>90%<b>EB</b>... 
99,[반전 도 道 이름] 충청 : 남면,무르 의 공방,https://blog.naver.com/knock001,20220224,"하본기, 사기, 사마천, https://ko.wikisource.org/wiki/%<b>EB%</b>B2%88<b>%EC%</b>97%AD:<b>%EC%</b><b>82%</b>AC%EA%B8%B0/%EA%B6%8C002 주 州 [고을... 광개토대왕릉비, https://namu.wiki/w/%EA%B4%<b>91</b>%EA%<b>B0%</b>9C%ED%86%A<b>0%EB%</b>8C%80<b>%EC%</b>99%95%<b>EB%A</b>6%89%<b>EB%</b>B<b>9%</b>84 우리는 교육 받길... "
